  <trkseg>
    <trkpt lat="40.72189" lon="-74.00732">
      <ele>3.0</ele>
    </trkpt>
    <trkpt lat="40.72195" lon="-74.00787">
      <ele>3.0</ele>
    </trkpt>
    <trkpt lat="40.72197" lon="-74.00792">
      <ele>3.0</ele>
    </trkpt>
    <trkpt lat="40.72198" lon="-74.00797">
      <ele>3.0</ele>
    </trkpt>
    <trkpt lat="40.72198" lon="-74.00802">
      <ele>3.0</ele>
    </trkpt>
    <trkpt lat="40.72199" lon="-74.00807">
      <ele>3.0</ele>
    </trkpt>
    <trkpt lat="40.72199" lon="-74.00816">
      <ele>3.3</ele>
    </trkpt>
    <trkpt lat="40.72198" lon="-74.00824">
      <ele>3.6</ele>
    </trkpt>
    <trkpt lat="40.72199" lon="-74.00845">
      <ele>3.5</ele>
    </trkpt>
    <trkpt lat="40.72212" lon="-74.00979">
      <ele>2.8</ele>
    </trkpt>
    <trkpt lat="40.72145" lon="-74.00991">
      <ele>3.0</ele>
    </trkpt>
    <trkpt lat="40.72131" lon="-74.00836">
      <ele>4.0</ele>
    </trkpt>
    <trkpt lat="40.72328" lon="-74.00801">
      <ele>3.0</ele>
    </trkpt>
    <trkpt lat="40.72337" lon="-74.008">
      <ele>3.0</ele>
    </trkpt>
    <trkpt lat="40.7234" lon="-74.00796">
      <ele>3.0</ele>
    </trkpt>
    <trkpt lat="40.72344" lon="-74.00788">
      <ele>3.0</ele>
    </trkpt>
    <trkpt lat="40.72345" lon="-74.00785">
      <ele>3.0</ele>
    </trkpt>
    <trkpt lat="40.72347" lon="-74.00782">
      <ele>3.0</ele>
    </trkpt>
    <trkpt lat="40.72349" lon="-74.00774">
      <ele>3.0</ele>
    </trkpt>
    <trkpt lat="40.72345" lon="-74.00764">
      <ele>3.0</ele>
    </trkpt>
    <trkpt lat="40.72225" lon="-74.00596">
      <ele>2.0</ele>
    </trkpt>
    <trkpt lat="40.72186" lon="-74.00538">
      <ele>2.0</ele>
    </trkpt>
    <trkpt lat="40.72156" lon="-74.00498">
      <ele>2.0</ele>
    </trkpt>
    <trkpt lat="40.72135" lon="-74.00466">
      <ele>2.0</ele>
    </trkpt>
    <trkpt lat="40.71799" lon="-73.99999">
      <ele>4.2</ele>
    </trkpt>
    <trkpt lat="40.71977" lon="-73.99854">
      <ele>6.2</ele>
    </trkpt>
    <trkpt lat="40.72071" lon="-73.99774">
      <ele>8.6</ele>
    </trkpt>
    <trkpt lat="40.72081" lon="-73.99768">
      <ele>8.9</ele>
    </trkpt>
    <trkpt lat="40.72142" lon="-73.99742">
      <ele>9.0</ele>
    </trkpt>
    <trkpt lat="40.72034" lon="-73.99424">
      <ele>11.0</ele>
    </trkpt>
    <trkpt lat="40.7202" lon="-73.99402">
      <ele>11.0</ele>
    </trkpt>
    <trkpt lat="40.71969" lon="-73.99218">
      <ele>12.0</ele>
    </trkpt>
    <trkpt lat="40.71938" lon="-73.99133">
      <ele>12.0</ele>
    </trkpt>
    <trkpt lat="40.71818" lon="-73.98735">
      <ele>9.0</ele>
    </trkpt>
    <trkpt lat="40.71815" lon="-73.98728">
      <ele>9.0</ele>
    </trkpt>
    <trkpt lat="40.71792" lon="-73.98665">
      <ele>9.0</ele>
    </trkpt>
    <trkpt lat="40.71758" lon="-73.98584">
      <ele>8.0</ele>
    </trkpt>
    <trkpt lat="40.71757" lon="-73.9858">
      <ele>8.0</ele>
    </trkpt>
    <trkpt lat="40.71754" lon="-73.98574">
      <ele>8.0</ele>
    </trkpt>
    <trkpt lat="40.71754" lon="-73.98572">
      <ele>8.0</ele>
    </trkpt>
    <trkpt lat="40.71752" lon="-73.98567">
      <ele>8.0</ele>
    </trkpt>
    <trkpt lat="40.71751" lon="-73.98563">
      <ele>8.0</ele>
    </trkpt>
    <trkpt lat="40.71749" lon="-73.98558">
      <ele>8.0</ele>
    </trkpt>
    <trkpt lat="40.7155" lon="-73.97898">
      <ele>3.0</ele>
    </trkpt>
    <trkpt lat="40.71533" lon="-73.97834">
      <ele>2.0</ele>
    </trkpt>
    <trkpt lat="40.71531" lon="-73.97828">
      <ele>2.0</ele>
    </trkpt>
    <trkpt lat="40.71508" lon="-73.97743">
      <ele>2.0</ele>
    </trkpt>
    <trkpt lat="40.71507" lon="-73.97742">
      <ele>2.0</ele>
    </trkpt>
    <trkpt lat="40.71484" lon="-73.97662">
      <ele>1.0</ele>
    </trkpt>
    <trkpt lat="40.71482" lon="-73.97652">
      <ele>1.0</ele>
    </trkpt>
    <trkpt lat="40.71447" lon="-73.97529">
      <ele>0.0</ele>
    </trkpt>
    <trkpt lat="40.7144" lon="-73.97509">
      <ele>0.0</ele>
    </trkpt>
    <trkpt lat="40.71221" lon="-73.96773">
      <ele>5.2</ele>
    </trkpt>
    <trkpt lat="40.71073" lon="-73.963">
      <ele>16.4</ele>
    </trkpt>
    <trkpt lat="40.71062" lon="-73.96275">
      <ele>17.6</ele>
    </trkpt>
    <trkpt lat="40.71014" lon="-73.96119">
      <ele>14.0</ele>
    </trkpt>
    <trkpt lat="40.71006" lon="-73.96077">
      <ele>14.0</ele>
    </trkpt>
    <trkpt lat="40.71003" lon="-73.96042">
      <ele>14.0</ele>
    </trkpt>
    <trkpt lat="40.71003" lon="-73.96026">
      <ele>14.0</ele>
    </trkpt>
    <trkpt lat="40.71009" lon="-73.9595">
      <ele>14.0</ele>
    </trkpt>
    <trkpt lat="40.7102" lon="-73.95854">
      <ele>12.0</ele>
    </trkpt>
    <trkpt lat="40.7102" lon="-73.95846">
      <ele>12.0</ele>
    </trkpt>
    <trkpt lat="40.71032" lon="-73.95728">
      <ele>11.0</ele>
    </trkpt>
    <trkpt lat="40.7104" lon="-73.95691">
      <ele>10.0</ele>
    </trkpt>
    <trkpt lat="40.71048" lon="-73.95665">
      <ele>9.9</ele>
    </trkpt>
    <trkpt lat="40.71051" lon="-73.95658">
      <ele>9.7</ele>
    </trkpt>
    <trkpt lat="40.71053" lon="-73.95652">
      <ele>9.5</ele>
    </trkpt>
    <trkpt lat="40.71074" lon="-73.9561">
      <ele>8.6</ele>
    </trkpt>
    <trkpt lat="40.71096" lon="-73.95578">
      <ele>6.6</ele>
    </trkpt>
    <trkpt lat="40.71116" lon="-73.95554">
      <ele>5.2</ele>
    </trkpt>
    <trkpt lat="40.71145" lon="-73.95527">
      <ele>5.0</ele>
    </trkpt>
    <trkpt lat="40.71162" lon="-73.95515">
      <ele>5.0</ele>
    </trkpt>
    <trkpt lat="40.71266" lon="-73.95447">
      <ele>5.9</ele>
    </trkpt>
    <trkpt lat="40.71299" lon="-73.9542">
      <ele>6.1</ele>
    </trkpt>
    <trkpt lat="40.71357" lon="-73.95366">
      <ele>5.5</ele>
    </trkpt>
    <trkpt lat="40.71404" lon="-73.95317">
      <ele>4.5</ele>
    </trkpt>
    <trkpt lat="40.71407" lon="-73.95313">
      <ele>4.5</ele>
    </trkpt>
    <trkpt lat="40.71408" lon="-73.95312">
      <ele>4.5</ele>
    </trkpt>
    <trkpt lat="40.71408" lon="-73.95311">
      <ele>4.5</ele>
    </trkpt>
    <trkpt lat="40.71409" lon="-73.9531">
      <ele>4.5</ele>
    </trkpt>
    <trkpt lat="40.71409" lon="-73.95309">
      <ele>4.5</ele>
    </trkpt>
    <trkpt lat="40.7141" lon="-73.95308">
      <ele>4.4</ele>
    </trkpt>
    <trkpt lat="40.7141" lon="-73.95306">
      <ele>4.5</ele>
    </trkpt>
    <trkpt lat="40.71414" lon="-73.95294">
      <ele>4.6</ele>
    </trkpt>
    <trkpt lat="40.71468" lon="-73.95237">
      <ele>4.0</ele>
    </trkpt>
    <trkpt lat="40.71521" lon="-73.95174">
      <ele>4.0</ele>
    </trkpt>
    <trkpt lat="40.71577" lon="-73.951">
      <ele>4.0</ele>
    </trkpt>
    <trkpt lat="40.71616" lon="-73.95046">
      <ele>5.0</ele>
    </trkpt>
    <trkpt lat="40.7166" lon="-73.94979">
      <ele>5.0</ele>
    </trkpt>
    <trkpt lat="40.71667" lon="-73.94967">
      <ele>5.0</ele>
    </trkpt>
    <trkpt lat="40.71758" lon="-73.94828">
      <ele>4.7</ele>
    </trkpt>
    <trkpt lat="40.71873" lon="-73.94645">
      <ele>4.0</ele>
    </trkpt>
    <trkpt lat="40.71893" lon="-73.9461">
      <ele>4.0</ele>
    </trkpt>
    <trkpt lat="40.71913" lon="-73.94581">
      <ele>4.0</ele>
    </trkpt>
    <trkpt lat="40.72002" lon="-73.94435">
      <ele>6.0</ele>
    </trkpt>
    <trkpt lat="40.72112" lon="-73.94242">
      <ele>9.0</ele>
    </trkpt>
    <trkpt lat="40.72152" lon="-73.94178">
      <ele>9.0</ele>
    </trkpt>
    <trkpt lat="40.72257" lon="-73.94029">
      <ele>10.0</ele>
    </trkpt>
    <trkpt lat="40.72401" lon="-73.93767">
      <ele>12.0</ele>
    </trkpt>
    <trkpt lat="40.72431" lon="-73.93705">
      <ele>13.6</ele>
    </trkpt>
    <trkpt lat="40.72487" lon="-73.93491">
      <ele>13.3</ele>
    </trkpt>
    <trkpt lat="40.72493" lon="-73.93471">
      <ele>13.0</ele>
    </trkpt>
    <trkpt lat="40.72493" lon="-73.93469">
      <ele>13.0</ele>
    </trkpt>
    <trkpt lat="40.72515" lon="-73.93386">
      <ele>11.4</ele>
    </trkpt>
    <trkpt lat="40.72518" lon="-73.93371">
      <ele>11.1</ele>
    </trkpt>
    <trkpt lat="40.72524" lon="-73.93348">
      <ele>10.6</ele>
    </trkpt>
    <trkpt lat="40.72532" lon="-73.93312">
      <ele>9.8</ele>
    </trkpt>
    <trkpt lat="40.72536" lon="-73.93299">
      <ele>9.5</ele>
    </trkpt>
    <trkpt lat="40.72545" lon="-73.93264">
      <ele>8.7</ele>
    </trkpt>
    <trkpt lat="40.7256" lon="-73.9322">
      <ele>7.9</ele>
    </trkpt>
    <trkpt lat="40.72568" lon="-73.93201">
      <ele>7.2</ele>
    </trkpt>
    <trkpt lat="40.72587" lon="-73.93161">
      <ele>6.7</ele>
    </trkpt>
    <trkpt lat="40.72588" lon="-73.93158">
      <ele>6.6</ele>
    </trkpt>
    <trkpt lat="40.72605" lon="-73.93126">
      <ele>6.0</ele>
    </trkpt>
    <trkpt lat="40.7262" lon="-73.931">
      <ele>5.4</ele>
    </trkpt>
    <trkpt lat="40.72657" lon="-73.93047">
      <ele>4.2</ele>
    </trkpt>
    <trkpt lat="40.7266" lon="-73.93044">
      <ele>4.1</ele>
    </trkpt>
    <trkpt lat="40.72666" lon="-73.93036">
      <ele>4.0</ele>
    </trkpt>
    <trkpt lat="40.72679" lon="-73.93021">
      <ele>3.9</ele>
    </trkpt>
    <trkpt lat="40.72695" lon="-73.93">
      <ele>3.0</ele>
    </trkpt>
    <trkpt lat="40.72709" lon="-73.92984">
      <ele>2.7</ele>
    </trkpt>
    <trkpt lat="40.72713" lon="-73.92978">
      <ele>2.5</ele>
    </trkpt>
    <trkpt lat="40.7282" lon="-73.92849">
      <ele>1.7</ele>
    </trkpt>
    <trkpt lat="40.72842" lon="-73.92821">
      <ele>3.0</ele>
    </trkpt>
    <trkpt lat="40.72899" lon="-73.92763">
      <ele>4.0</ele>
    </trkpt>
    <trkpt lat="40.72906" lon="-73.92757">
      <ele>4.0</ele>
    </trkpt>
    <trkpt lat="40.72912" lon="-73.92751">
      <ele>4.0</ele>
    </trkpt>
    <trkpt lat="40.72913" lon="-73.92751">
      <ele>4.0</ele>
    </trkpt>
    <trkpt lat="40.72924" lon="-73.92741">
      <ele>4.3</ele>
    </trkpt>
    <trkpt lat="40.72987" lon="-73.92688">
      <ele>5.0</ele>
    </trkpt>
    <trkpt lat="40.73071" lon="-73.92632">
      <ele>8.2</ele>
    </trkpt>
    <trkpt lat="40.7311" lon="-73.92608">
      <ele>11.3</ele>
    </trkpt>
    <trkpt lat="40.73173" lon="-73.92565">
      <ele>14.2</ele>
    </trkpt>
    <trkpt lat="40.73174" lon="-73.92564">
      <ele>14.3</ele>
    </trkpt>
    <trkpt lat="40.732" lon="-73.92548">
      <ele>15.4</ele>
    </trkpt>
    <trkpt lat="40.73209" lon="-73.92541">
      <ele>15.8</ele>
    </trkpt>
    <trkpt lat="40.73228" lon="-73.92522">
      <ele>16.2</ele>
    </trkpt>
    <trkpt lat="40.73235" lon="-73.92514">
      <ele>16.5</ele>
    </trkpt>
    <trkpt lat="40.7324" lon="-73.92509">
      <ele>16.7</ele>
    </trkpt>
    <trkpt lat="40.73244" lon="-73.92504">
      <ele>16.9</ele>
    </trkpt>
    <trkpt lat="40.73249" lon="-73.92499">
      <ele>17.0</ele>
    </trkpt>
    <trkpt lat="40.73258" lon="-73.92487">
      <ele>17.0</ele>
    </trkpt>
    <trkpt lat="40.73268" lon="-73.9247">
      <ele>17.0</ele>
    </trkpt>
    <trkpt lat="40.73276" lon="-73.92453">
      <ele>17.0</ele>
    </trkpt>
    <trkpt lat="40.7328" lon="-73.92442">
      <ele>17.1</ele>
    </trkpt>
    <trkpt lat="40.73283" lon="-73.92431">
      <ele>17.5</ele>
    </trkpt>
    <trkpt lat="40.73286" lon="-73.92417">
      <ele>18.0</ele>
    </trkpt>
    <trkpt lat="40.73289" lon="-73.92407">
      <ele>18.3</ele>
    </trkpt>
    <trkpt lat="40.73292" lon="-73.92373">
      <ele>19.6</ele>
    </trkpt>
    <trkpt lat="40.73292" lon="-73.92361">
      <ele>20.0</ele>
    </trkpt>
    <trkpt lat="40.7329" lon="-73.92337">
      <ele>20.8</ele>
    </trkpt>
    <trkpt lat="40.7324" lon="-73.92032">
      <ele>24.2</ele>
    </trkpt>
    <trkpt lat="40.73234" lon="-73.92005">
      <ele>24.0</ele>
    </trkpt>
    <trkpt lat="40.7323" lon="-73.91992">
      <ele>24.0</ele>
    </trkpt>
    <trkpt lat="40.73222" lon="-73.9197">
      <ele>24.1</ele>
    </trkpt>
    <trkpt lat="40.73214" lon="-73.91942">
      <ele>24.9</ele>
    </trkpt>
    <trkpt lat="40.7321" lon="-73.91923">
      <ele>25.8</ele>
    </trkpt>
    <trkpt lat="40.73187" lon="-73.9187">
      <ele>27.0</ele>
    </trkpt>
    <trkpt lat="40.73181" lon="-73.91858">
      <ele>26.1</ele>
    </trkpt>
    <trkpt lat="40.73176" lon="-73.91846">
      <ele>25.7</ele>
    </trkpt>
    <trkpt lat="40.73171" lon="-73.91831">
      <ele>25.5</ele>
    </trkpt>
    <trkpt lat="40.73166" lon="-73.9182">
      <ele>25.4</ele>
    </trkpt>
    <trkpt lat="40.73157" lon="-73.91793">
      <ele>25.1</ele>
    </trkpt>
    <trkpt lat="40.73152" lon="-73.9178">
      <ele>24.5</ele>
    </trkpt>
    <trkpt lat="40.73049" lon="-73.91411">
      <ele>13.8</ele>
    </trkpt>
    <trkpt lat="40.72999" lon="-73.91202">
      <ele>15.0</ele>
    </trkpt>
    <trkpt lat="40.72979" lon="-73.91134">
      <ele>10.1</ele>
    </trkpt>
    <trkpt lat="40.72965" lon="-73.91097">
      <ele>8.5</ele>
    </trkpt>
    <trkpt lat="40.72959" lon="-73.91083">
      <ele>9.0</ele>
    </trkpt>
    <trkpt lat="40.72954" lon="-73.91069">
      <ele>10.3</ele>
    </trkpt>
    <trkpt lat="40.72919" lon="-73.90997">
      <ele>11.4</ele>
    </trkpt>
    <trkpt lat="40.72905" lon="-73.90978">
      <ele>9.0</ele>
    </trkpt>
    <trkpt lat="40.72897" lon="-73.90969">
      <ele>8.3</ele>
    </trkpt>
    <trkpt lat="40.72883" lon="-73.90957">
      <ele>8.0</ele>
    </trkpt>
    <trkpt lat="40.72877" lon="-73.9095">
      <ele>8.0</ele>
    </trkpt>
    <trkpt lat="40.72871" lon="-73.90944">
      <ele>8.0</ele>
    </trkpt>
    <trkpt lat="40.72856" lon="-73.90927">
      <ele>8.0</ele>
    </trkpt>
    <trkpt lat="40.72827" lon="-73.90885">
      <ele>8.0</ele>
    </trkpt>
    <trkpt lat="40.72805" lon="-73.9085">
      <ele>7.6</ele>
    </trkpt>
    <trkpt lat="40.72798" lon="-73.9084">
      <ele>7.4</ele>
    </trkpt>
    <trkpt lat="40.72749" lon="-73.90761">
      <ele>6.9</ele>
    </trkpt>
    <trkpt lat="40.72744" lon="-73.90752">
      <ele>6.6</ele>
    </trkpt>
    <trkpt lat="40.72736" lon="-73.9074">
      <ele>6.5</ele>
    </trkpt>
    <trkpt lat="40.72731" lon="-73.9073">
      <ele>6.3</ele>
    </trkpt>
    <trkpt lat="40.72717" lon="-73.90708">
      <ele>5.0</ele>
    </trkpt>
    <trkpt lat="40.72713" lon="-73.907">
      <ele>5.0</ele>
    </trkpt>
    <trkpt lat="40.72706" lon="-73.90689">
      <ele>5.4</ele>
    </trkpt>
    <trkpt lat="40.72692" lon="-73.90664">
      <ele>7.1</ele>
    </trkpt>
    <trkpt lat="40.72665" lon="-73.90603">
      <ele>8.0</ele>
    </trkpt>
    <trkpt lat="40.72637" lon="-73.90522">
      <ele>7.1</ele>
    </trkpt>
    <trkpt lat="40.72632" lon="-73.90502">
      <ele>7.0</ele>
    </trkpt>
    <trkpt lat="40.72627" lon="-73.90487">
      <ele>7.3</ele>
    </trkpt>
    <trkpt lat="40.72619" lon="-73.90454">
      <ele>7.1</ele>
    </trkpt>
    <trkpt lat="40.72616" lon="-73.90437">
      <ele>7.0</ele>
    </trkpt>
    <trkpt lat="40.72612" lon="-73.90422">
      <ele>7.0</ele>
    </trkpt>
    <trkpt lat="40.72609" lon="-73.90407">
      <ele>7.0</ele>
    </trkpt>
    <trkpt lat="40.72592" lon="-73.90296">
      <ele>7.8</ele>
    </trkpt>
    <trkpt lat="40.72583" lon="-73.90179">
      <ele>10.6</ele>
    </trkpt>
    <trkpt lat="40.72583" lon="-73.90135">
      <ele>11.0</ele>
    </trkpt>
    <trkpt lat="40.72532" lon="-73.89591">
      <ele>23.2</ele>
    </trkpt>
    <trkpt lat="40.7253" lon="-73.89559">
      <ele>23.7</ele>
    </trkpt>
    <trkpt lat="40.72524" lon="-73.89502">
      <ele>23.6</ele>
    </trkpt>
    <trkpt lat="40.7252" lon="-73.89423">
      <ele>24.7</ele>
    </trkpt>
    <trkpt lat="40.7252" lon="-73.8938">
      <ele>26.4</ele>
    </trkpt>
    <trkpt lat="40.72522" lon="-73.89338">
      <ele>26.8</ele>
    </trkpt>
    <trkpt lat="40.72526" lon="-73.89291">
      <ele>28.2</ele>
    </trkpt>
    <trkpt lat="40.72534" lon="-73.8924">
      <ele>29.0</ele>
    </trkpt>
    <trkpt lat="40.72554" lon="-73.89152">
      <ele>29.6</ele>
    </trkpt>
    <trkpt lat="40.72561" lon="-73.89128">
      <ele>30.0</ele>
    </trkpt>
    <trkpt lat="40.72578" lon="-73.89077">
      <ele>31.1</ele>
    </trkpt>
    <trkpt lat="40.72588" lon="-73.89052">
      <ele>31.8</ele>
    </trkpt>
    <trkpt lat="40.72609" lon="-73.89006">
      <ele>34.2</ele>
    </trkpt>
    <trkpt lat="40.7262" lon="-73.88985">
      <ele>33.1</ele>
    </trkpt>
    <trkpt lat="40.72741" lon="-73.88782">
      <ele>34.9</ele>
    </trkpt>
    <trkpt lat="40.72752" lon="-73.8876">
      <ele>35.2</ele>
    </trkpt>
    <trkpt lat="40.72758" lon="-73.88746">
      <ele>34.2</ele>
    </trkpt>
    <trkpt lat="40.72765" lon="-73.88732">
      <ele>33.6</ele>
    </trkpt>
    <trkpt lat="40.72775" lon="-73.88709">
      <ele>33.0</ele>
    </trkpt>
    <trkpt lat="40.72786" lon="-73.88679">
      <ele>32.3</ele>
    </trkpt>
    <trkpt lat="40.72813" lon="-73.88591">
      <ele>33.1</ele>
    </trkpt>
    <trkpt lat="40.7282" lon="-73.8856">
      <ele>27.4</ele>
    </trkpt>
    <trkpt lat="40.72828" lon="-73.88516">
      <ele>23.8</ele>
    </trkpt>
    <trkpt lat="40.72834" lon="-73.88471">
      <ele>33.8</ele>
    </trkpt>
    <trkpt lat="40.7285" lon="-73.88256">
      <ele>30.6</ele>
    </trkpt>
    <trkpt lat="40.72854" lon="-73.88228">
      <ele>30.1</ele>
    </trkpt>
    <trkpt lat="40.72855" lon="-73.88204">
      <ele>26.9</ele>
    </trkpt>
    <trkpt lat="40.72856" lon="-73.88203">
      <ele>26.7</ele>
    </trkpt>
    <trkpt lat="40.72857" lon="-73.88178">
      <ele>26.7</ele>
    </trkpt>
    <trkpt lat="40.7286" lon="-73.88146">
      <ele>29.3</ele>
    </trkpt>
    <trkpt lat="40.72871" lon="-73.8807">
      <ele>27.6</ele>
    </trkpt>
    <trkpt lat="40.72884" lon="-73.8801">
      <ele>25.8</ele>
    </trkpt>
    <trkpt lat="40.729" lon="-73.87953">
      <ele>23.5</ele>
    </trkpt>
    <trkpt lat="40.72937" lon="-73.87856">
      <ele>21.0</ele>
    </trkpt>
    <trkpt lat="40.73008" lon="-73.87682">
      <ele>15.0</ele>
    </trkpt>
    <trkpt lat="40.73019" lon="-73.87651">
      <ele>13.1</ele>
    </trkpt>
    <trkpt lat="40.73064" lon="-73.87501">
      <ele>12.0</ele>
    </trkpt>
    <trkpt lat="40.73069" lon="-73.87481">
      <ele>10.7</ele>
    </trkpt>
    <trkpt lat="40.73241" lon="-73.86913">
      <ele>11.8</ele>
    </trkpt>
    <trkpt lat="40.73246" lon="-73.869">
      <ele>9.7</ele>
    </trkpt>
    <trkpt lat="40.73246" lon="-73.86898">
      <ele>9.4</ele>
    </trkpt>
    <trkpt lat="40.73254" lon="-73.86876">
      <ele>7.5</ele>
    </trkpt>
    <trkpt lat="40.73261" lon="-73.86851">
      <ele>7.0</ele>
    </trkpt>
    <trkpt lat="40.73273" lon="-73.86817">
      <ele>7.0</ele>
    </trkpt>
    <trkpt lat="40.73273" lon="-73.86815">
      <ele>7.0</ele>
    </trkpt>
    <trkpt lat="40.73283" lon="-73.86787">
      <ele>12.2</ele>
    </trkpt>
    <trkpt lat="40.73283" lon="-73.86786">
      <ele>12.5</ele>
    </trkpt>
    <trkpt lat="40.7337" lon="-73.86519">
      <ele>8.6</ele>
    </trkpt>
    <trkpt lat="40.73371" lon="-73.86505">
      <ele>8.4</ele>
    </trkpt>
    <trkpt lat="40.73428" lon="-73.86321">
      <ele>9.1</ele>
    </trkpt>
    <trkpt lat="40.73495" lon="-73.86093">
      <ele>7.3</ele>
    </trkpt>
    <trkpt lat="40.73504" lon="-73.86054">
      <ele>7.0</ele>
    </trkpt>
    <trkpt lat="40.73567" lon="-73.85853">
      <ele>7.4</ele>
    </trkpt>
    <trkpt lat="40.73567" lon="-73.85851">
      <ele>7.4</ele>
    </trkpt>
    <trkpt lat="40.73639" lon="-73.85609">
      <ele>7.0</ele>
    </trkpt>
    <trkpt lat="40.73658" lon="-73.85531">
      <ele>7.0</ele>
    </trkpt>
    <trkpt lat="40.73667" lon="-73.85487">
      <ele>8.4</ele>
    </trkpt>
    <trkpt lat="40.73684" lon="-73.85379">
      <ele>9.4</ele>
    </trkpt>
    <trkpt lat="40.73699" lon="-73.85298">
      <ele>11.6</ele>
    </trkpt>
    <trkpt lat="40.7371" lon="-73.85246">
      <ele>11.4</ele>
    </trkpt>
    <trkpt lat="40.73723" lon="-73.85196">
      <ele>11.0</ele>
    </trkpt>
    <trkpt lat="40.73727" lon="-73.85183">
      <ele>11.0</ele>
    </trkpt>
    <trkpt lat="40.73727" lon="-73.8518">
      <ele>11.0</ele>
    </trkpt>
    <trkpt lat="40.73763" lon="-73.85063">
      <ele>9.6</ele>
    </trkpt>
    <trkpt lat="40.73799" lon="-73.84964">
      <ele>6.6</ele>
    </trkpt>
    <trkpt lat="40.73856" lon="-73.84825">
      <ele>5.0</ele>
    </trkpt>
    <trkpt lat="40.73876" lon="-73.84783">
      <ele>4.2</ele>
    </trkpt>
    <trkpt lat="40.73887" lon="-73.84762">
      <ele>4.0</ele>
    </trkpt>
    <trkpt lat="40.73894" lon="-73.84746">
      <ele>4.0</ele>
    </trkpt>
    <trkpt lat="40.73896" lon="-73.84743">
      <ele>4.0</ele>
    </trkpt>
    <trkpt lat="40.73984" lon="-73.84559">
      <ele>2.1</ele>
    </trkpt>
    <trkpt lat="40.73985" lon="-73.84558">
      <ele>2.1</ele>
    </trkpt>
    <trkpt lat="40.73985" lon="-73.84557">
      <ele>2.1</ele>
    </trkpt>
    <trkpt lat="40.73993" lon="-73.8454">
      <ele>2.0</ele>
    </trkpt>
    <trkpt lat="40.73994" lon="-73.84539">
      <ele>2.0</ele>
    </trkpt>
    <trkpt lat="40.74002" lon="-73.84521">
      <ele>2.3</ele>
    </trkpt>
    <trkpt lat="40.74003" lon="-73.8452">
      <ele>2.3</ele>
    </trkpt>
    <trkpt lat="40.7414" lon="-73.84237">
      <ele>3.0</ele>
    </trkpt>
    <trkpt lat="40.74217" lon="-73.8407">
      <ele>3.0</ele>
    </trkpt>
    <trkpt lat="40.74263" lon="-73.83963">
      <ele>2.8</ele>
    </trkpt>
    <trkpt lat="40.74289" lon="-73.83897">
      <ele>2.4</ele>
    </trkpt>
    <trkpt lat="40.74315" lon="-73.83804">
      <ele>2.0</ele>
    </trkpt>
    <trkpt lat="40.74318" lon="-73.8379">
      <ele>2.0</ele>
    </trkpt>
    <trkpt lat="40.74319" lon="-73.83783">
      <ele>2.0</ele>
    </trkpt>
    <trkpt lat="40.7432" lon="-73.83781">
      <ele>2.0</ele>
    </trkpt>
    <trkpt lat="40.74323" lon="-73.83767">
      <ele>2.0</ele>
    </trkpt>
    <trkpt lat="40.74328" lon="-73.83731">
      <ele>2.0</ele>
    </trkpt>
    <trkpt lat="40.74328" lon="-73.83728">
      <ele>2.0</ele>
    </trkpt>
    <trkpt lat="40.7433" lon="-73.8371">
      <ele>2.0</ele>
    </trkpt>
    <trkpt lat="40.74331" lon="-73.83705">
      <ele>2.0</ele>
    </trkpt>
    <trkpt lat="40.74333" lon="-73.83684">
      <ele>2.4</ele>
    </trkpt>
    <trkpt lat="40.74334" lon="-73.83678">
      <ele>2.6</ele>
    </trkpt>
    <trkpt lat="40.74334" lon="-73.83668">
      <ele>2.9</ele>
    </trkpt>
    <trkpt lat="40.74336" lon="-73.83637">
      <ele>3.1</ele>
    </trkpt>
    <trkpt lat="40.74336" lon="-73.83557">
      <ele>5.0</ele>
    </trkpt>
    <trkpt lat="40.74331" lon="-73.8349">
      <ele>5.7</ele>
    </trkpt>
    <trkpt lat="40.74264" lon="-73.82808">
      <ele>20.0</ele>
    </trkpt>
    <trkpt lat="40.7425" lon="-73.82687">
      <ele>16.0</ele>
    </trkpt>
    <trkpt lat="40.7424" lon="-73.82633">
      <ele>16.5</ele>
    </trkpt>
    <trkpt lat="40.74224" lon="-73.82562">
      <ele>12.5</ele>
    </trkpt>
    <trkpt lat="40.74211" lon="-73.82514">
      <ele>14.8</ele>
    </trkpt>
    <trkpt lat="40.74175" lon="-73.82401">
      <ele>13.9</ele>
    </trkpt>
    <trkpt lat="40.741" lon="-73.82181">
      <ele>13.8</ele>
    </trkpt>
    <trkpt lat="40.74093" lon="-73.82165">
      <ele>13.3</ele>
    </trkpt>
    <trkpt lat="40.74007" lon="-73.81906">
      <ele>11.1</ele>
    </trkpt>
    <trkpt lat="40.7399" lon="-73.81851">
      <ele>12.4</ele>
    </trkpt>
    <trkpt lat="40.7393" lon="-73.81671">
      <ele>13.5</ele>
    </trkpt>
    <trkpt lat="40.73913" lon="-73.81613">
      <ele>13.2</ele>
    </trkpt>
    <trkpt lat="40.7391" lon="-73.81599">
      <ele>13.2</ele>
    </trkpt>
    <trkpt lat="40.73899" lon="-73.81558">
      <ele>13.6</ele>
    </trkpt>
    <trkpt lat="40.73891" lon="-73.81511">
      <ele>13.9</ele>
    </trkpt>
    <trkpt lat="40.73888" lon="-73.81498">
      <ele>14.0</ele>
    </trkpt>
    <trkpt lat="40.73875" lon="-73.81412">
      <ele>14.3</ele>
    </trkpt>
    <trkpt lat="40.73865" lon="-73.81307">
      <ele>17.0</ele>
    </trkpt>
    <trkpt lat="40.7384" lon="-73.80719">
      <ele>22.8</ele>
    </trkpt>
    <trkpt lat="40.73834" lon="-73.80508">
      <ele>19.4</ele>
    </trkpt>
    <trkpt lat="40.73834" lon="-73.80457">
      <ele>16.2</ele>
    </trkpt>
    <trkpt lat="40.73811" lon="-73.7983">
      <ele>19.1</ele>
    </trkpt>
    <trkpt lat="40.73812" lon="-73.79742">
      <ele>16.1</ele>
    </trkpt>
    <trkpt lat="40.73815" lon="-73.79698">
      <ele>14.2</ele>
    </trkpt>
    <trkpt lat="40.73822" lon="-73.79639">
      <ele>13.0</ele>
    </trkpt>
    <trkpt lat="40.73827" lon="-73.79608">
      <ele>12.2</ele>
    </trkpt>
    <trkpt lat="40.73842" lon="-73.79538">
      <ele>11.3</ele>
    </trkpt>
    <trkpt lat="40.73906" lon="-73.79304">
      <ele>13.3</ele>
    </trkpt>
    <trkpt lat="40.73907" lon="-73.79299">
      <ele>12.8</ele>
    </trkpt>
    <trkpt lat="40.73908" lon="-73.79299">
      <ele>12.8</ele>
    </trkpt>
    <trkpt lat="40.73912" lon="-73.79285">
      <ele>11.6</ele>
    </trkpt>
    <trkpt lat="40.73912" lon="-73.79284">
      <ele>11.5</ele>
    </trkpt>
    <trkpt lat="40.73965" lon="-73.79094">
      <ele>13.7</ele>
    </trkpt>
    <trkpt lat="40.73976" lon="-73.7905">
      <ele>14.0</ele>
    </trkpt>
    <trkpt lat="40.73978" lon="-73.79046">
      <ele>14.0</ele>
    </trkpt>
    <trkpt lat="40.73985" lon="-73.7901">
      <ele>14.0</ele>
    </trkpt>
    <trkpt lat="40.7402" lon="-73.78882">
      <ele>11.1</ele>
    </trkpt>
    <trkpt lat="40.7407" lon="-73.78711">
      <ele>9.0</ele>
    </trkpt>
    <trkpt lat="40.7407" lon="-73.7871">
      <ele>9.0</ele>
    </trkpt>
    <trkpt lat="40.74072" lon="-73.78704">
      <ele>9.5</ele>
    </trkpt>
    <trkpt lat="40.7408" lon="-73.78674">
      <ele>10.1</ele>
    </trkpt>
    <trkpt lat="40.74088" lon="-73.78648">
      <ele>8.7</ele>
    </trkpt>
    <trkpt lat="40.74138" lon="-73.78466">
      <ele>11.0</ele>
    </trkpt>
    <trkpt lat="40.74141" lon="-73.78453">
      <ele>11.1</ele>
    </trkpt>
    <trkpt lat="40.74141" lon="-73.78443">
      <ele>11.1</ele>
    </trkpt>
    <trkpt lat="40.74251" lon="-73.78041">
      <ele>14.0</ele>
    </trkpt>
    <trkpt lat="40.74253" lon="-73.78036">
      <ele>14.0</ele>
    </trkpt>
    <trkpt lat="40.74253" lon="-73.78033">
      <ele>14.0</ele>
    </trkpt>
    <trkpt lat="40.74254" lon="-73.7803">
      <ele>14.0</ele>
    </trkpt>
    <trkpt lat="40.74261" lon="-73.78">
      <ele>14.0</ele>
    </trkpt>
    <trkpt lat="40.74278" lon="-73.77915">
      <ele>14.0</ele>
    </trkpt>
    <trkpt lat="40.74362" lon="-73.77328">
      <ele>17.0</ele>
    </trkpt>
    <trkpt lat="40.74371" lon="-73.7728">
      <ele>18.0</ele>
    </trkpt>
    <trkpt lat="40.74378" lon="-73.7725">
      <ele>19.6</ele>
    </trkpt>
    <trkpt lat="40.7441" lon="-73.77161">
      <ele>14.2</ele>
    </trkpt>
    <trkpt lat="40.7441" lon="-73.7716">
      <ele>14.2</ele>
    </trkpt>
    <trkpt lat="40.74411" lon="-73.77158">
      <ele>14.0</ele>
    </trkpt>
    <trkpt lat="40.74417" lon="-73.77142">
      <ele>13.1</ele>
    </trkpt>
    <trkpt lat="40.74417" lon="-73.77141">
      <ele>13.1</ele>
    </trkpt>
    <trkpt lat="40.7442" lon="-73.77135">
      <ele>13.8</ele>
    </trkpt>
    <trkpt lat="40.74448" lon="-73.7707">
      <ele>18.4</ele>
    </trkpt>
    <trkpt lat="40.74491" lon="-73.76986">
      <ele>19.7</ele>
    </trkpt>
    <trkpt lat="40.74516" lon="-73.76931">
      <ele>19.7</ele>
    </trkpt>
    <trkpt lat="40.74541" lon="-73.76871">
      <ele>18.3</ele>
    </trkpt>
    <trkpt lat="40.74555" lon="-73.7683">
      <ele>18.8</ele>
    </trkpt>
    <trkpt lat="40.74743" lon="-73.76149">
      <ele>25.5</ele>
    </trkpt>
    <trkpt lat="40.74774" lon="-73.76055">
      <ele>25.7</ele>
    </trkpt>
    <trkpt lat="40.74799" lon="-73.75996">
      <ele>25.4</ele>
    </trkpt>
    <trkpt lat="40.74853" lon="-73.75883">
      <ele>25.8</ele>
    </trkpt>
    <trkpt lat="40.74881" lon="-73.75821">
      <ele>26.7</ele>
    </trkpt>
    <trkpt lat="40.74909" lon="-73.75744">
      <ele>27.0</ele>
    </trkpt>
    <trkpt lat="40.74932" lon="-73.75661">
      <ele>27.0</ele>
    </trkpt>
    <trkpt lat="40.7501" lon="-73.75343">
      <ele>28.8</ele>
    </trkpt>
    <trkpt lat="40.75066" lon="-73.75031">
      <ele>34.5</ele>
    </trkpt>
    <trkpt lat="40.75066" lon="-73.7503">
      <ele>34.5</ele>
    </trkpt>
    <trkpt lat="40.75069" lon="-73.75013">
      <ele>34.8</ele>
    </trkpt>
    <trkpt lat="40.75093" lon="-73.74902">
      <ele>33.5</ele>
    </trkpt>
    <trkpt lat="40.75148" lon="-73.74775">
      <ele>28.9</ele>
    </trkpt>
    <trkpt lat="40.7519" lon="-73.74695">
      <ele>28.7</ele>
    </trkpt>
    <trkpt lat="40.75201" lon="-73.74678">
      <ele>28.1</ele>
    </trkpt>
    <trkpt lat="40.75201" lon="-73.74677">
      <ele>28.0</ele>
    </trkpt>
    <trkpt lat="40.75685" lon="-73.73932">
      <ele>27.9</ele>
    </trkpt>
    <trkpt lat="40.75685" lon="-73.73931">
      <ele>27.8</ele>
    </trkpt>
    <trkpt lat="40.75689" lon="-73.73926">
      <ele>27.7</ele>
    </trkpt>
    <trkpt lat="40.75875" lon="-73.73628">
      <ele>35.7</ele>
    </trkpt>
    <trkpt lat="40.7593" lon="-73.73529">
      <ele>38.5</ele>
    </trkpt>
    <trkpt lat="40.75954" lon="-73.73475">
      <ele>40.5</ele>
    </trkpt>
    <trkpt lat="40.75974" lon="-73.73423">
      <ele>41.8</ele>
    </trkpt>
    <trkpt lat="40.76045" lon="-73.73212">
      <ele>45.8</ele>
    </trkpt>
    <trkpt lat="40.76055" lon="-73.73188">
      <ele>44.8</ele>
    </trkpt>
    <trkpt lat="40.76076" lon="-73.73144">
      <ele>45.3</ele>
    </trkpt>
    <trkpt lat="40.76103" lon="-73.73092">
      <ele>47.4</ele>
    </trkpt>
    <trkpt lat="40.76135" lon="-73.73038">
      <ele>47.7</ele>
    </trkpt>
    <trkpt lat="40.76218" lon="-73.72908">
      <ele>50.0</ele>
    </trkpt>
    <trkpt lat="40.76233" lon="-73.72888">
      <ele>50.0</ele>
    </trkpt>
    <trkpt lat="40.76257" lon="-73.72848">
      <ele>51.0</ele>
    </trkpt>
    <trkpt lat="40.76295" lon="-73.72778">
      <ele>52.6</ele>
    </trkpt>
    <trkpt lat="40.76313" lon="-73.72739">
      <ele>54.1</ele>
    </trkpt>
    <trkpt lat="40.76339" lon="-73.72678">
      <ele>55.2</ele>
    </trkpt>
    <trkpt lat="40.76364" lon="-73.7261">
      <ele>55.1</ele>
    </trkpt>
    <trkpt lat="40.76386" lon="-73.7254">
      <ele>54.9</ele>
    </trkpt>
    <trkpt lat="40.764" lon="-73.72485">
      <ele>54.7</ele>
    </trkpt>
    <trkpt lat="40.76414" lon="-73.72411">
      <ele>54.9</ele>
    </trkpt>
    <trkpt lat="40.76414" lon="-73.72409">
      <ele>54.9</ele>
    </trkpt>
    <trkpt lat="40.76421" lon="-73.72372">
      <ele>55.0</ele>
    </trkpt>
    <trkpt lat="40.76456" lon="-73.72016">
      <ele>56.4</ele>
    </trkpt>
    <trkpt lat="40.7647" lon="-73.71935">
      <ele>57.0</ele>
    </trkpt>
    <trkpt lat="40.76496" lon="-73.71845">
      <ele>58.4</ele>
    </trkpt>
    <trkpt lat="40.76505" lon="-73.71822">
      <ele>59.2</ele>
    </trkpt>
    <trkpt lat="40.76569" lon="-73.71692">
      <ele>61.6</ele>
    </trkpt>
    <trkpt lat="40.76597" lon="-73.7165">
      <ele>62.6</ele>
    </trkpt>
    <trkpt lat="40.76638" lon="-73.71598">
      <ele>63.5</ele>
    </trkpt>
    <trkpt lat="40.76664" lon="-73.71567">
      <ele>64.0</ele>
    </trkpt>
    <trkpt lat="40.76686" lon="-73.71543">
      <ele>64.5</ele>
    </trkpt>
    <trkpt lat="40.76761" lon="-73.71451">
      <ele>63.4</ele>
    </trkpt>
    <trkpt lat="40.7678" lon="-73.71426">
      <ele>63.3</ele>
    </trkpt>
    <trkpt lat="40.76796" lon="-73.71403">
      <ele>63.7</ele>
    </trkpt>
    <trkpt lat="40.76825" lon="-73.71351">
      <ele>63.0</ele>
    </trkpt>
    <trkpt lat="40.76845" lon="-73.7131">
      <ele>63.2</ele>
    </trkpt>
    <trkpt lat="40.76871" lon="-73.71245">
      <ele>63.0</ele>
    </trkpt>
    <trkpt lat="40.76883" lon="-73.71207">
      <ele>63.0</ele>
    </trkpt>
    <trkpt lat="40.76897" lon="-73.71151">
      <ele>62.8</ele>
    </trkpt>
    <trkpt lat="40.76906" lon="-73.71101">
      <ele>61.8</ele>
    </trkpt>
    <trkpt lat="40.76938" lon="-73.70856">
      <ele>60.2</ele>
    </trkpt>
    <trkpt lat="40.76947" lon="-73.70745">
      <ele>60.9</ele>
    </trkpt>
    <trkpt lat="40.76946" lon="-73.70646">
      <ele>60.9</ele>
    </trkpt>
    <trkpt lat="40.76942" lon="-73.70584">
      <ele>61.1</ele>
    </trkpt>
    <trkpt lat="40.76935" lon="-73.70536">
      <ele>60.6</ele>
    </trkpt>
    <trkpt lat="40.76921" lon="-73.70471">
      <ele>60.8</ele>
    </trkpt>
    <trkpt lat="40.76909" lon="-73.70423">
      <ele>60.7</ele>
    </trkpt>
    <trkpt lat="40.769" lon="-73.70397">
      <ele>59.3</ele>
    </trkpt>
    <trkpt lat="40.76898" lon="-73.70389">
      <ele>58.7</ele>
    </trkpt>
    <trkpt lat="40.76892" lon="-73.70372">
      <ele>56.9</ele>
    </trkpt>
    <trkpt lat="40.76866" lon="-73.70314">
      <ele>60.7</ele>
    </trkpt>
    <trkpt lat="40.76785" lon="-73.70118">
      <ele>59.2</ele>
    </trkpt>
    <trkpt lat="40.76762" lon="-73.70053">
      <ele>57.0</ele>
    </trkpt>
    <trkpt lat="40.76743" lon="-73.69988">
      <ele>56.3</ele>
    </trkpt>
    <trkpt lat="40.76735" lon="-73.69952">
      <ele>55.1</ele>
    </trkpt>
    <trkpt lat="40.7672" lon="-73.69866">
      <ele>53.2</ele>
    </trkpt>
    <trkpt lat="40.76712" lon="-73.69789">
      <ele>51.3</ele>
    </trkpt>
    <trkpt lat="40.7671" lon="-73.69741">
      <ele>50.9</ele>
    </trkpt>
    <trkpt lat="40.7671" lon="-73.69716">
      <ele>50.3</ele>
    </trkpt>
    <trkpt lat="40.76713" lon="-73.69631">
      <ele>48.2</ele>
    </trkpt>
    <trkpt lat="40.76715" lon="-73.69613">
      <ele>48.0</ele>
    </trkpt>
    <trkpt lat="40.76716" lon="-73.69593">
      <ele>48.0</ele>
    </trkpt>
    <trkpt lat="40.76726" lon="-73.69521">
      <ele>47.1</ele>
    </trkpt>
    <trkpt lat="40.76737" lon="-73.69467">
      <ele>47.5</ele>
    </trkpt>
    <trkpt lat="40.76756" lon="-73.69393">
      <ele>48.0</ele>
    </trkpt>
    <trkpt lat="40.76781" lon="-73.69317">
      <ele>49.7</ele>
    </trkpt>
    <trkpt lat="40.76806" lon="-73.69256">
      <ele>51.0</ele>
    </trkpt>
    <trkpt lat="40.76837" lon="-73.69194">
      <ele>52.5</ele>
    </trkpt>
    <trkpt lat="40.76855" lon="-73.69163">
      <ele>53.7</ele>
    </trkpt>
    <trkpt lat="40.76856" lon="-73.69163">
      <ele>53.8</ele>
    </trkpt>
    <trkpt lat="40.76888" lon="-73.69105">
      <ele>55.7</ele>
    </trkpt>
    <trkpt lat="40.77129" lon="-73.68698">
      <ele>65.2</ele>
    </trkpt>
    <trkpt lat="40.77145" lon="-73.68669">
      <ele>65.7</ele>
    </trkpt>
    <trkpt lat="40.77177" lon="-73.68603">
      <ele>65.6</ele>
    </trkpt>
    <trkpt lat="40.77204" lon="-73.6853">
      <ele>64.1</ele>
    </trkpt>
    <trkpt lat="40.77216" lon="-73.6849">
      <ele>63.6</ele>
    </trkpt>
    <trkpt lat="40.77231" lon="-73.68428">
      <ele>63.0</ele>
    </trkpt>
    <trkpt lat="40.77237" lon="-73.68389">
      <ele>62.5</ele>
    </trkpt>
    <trkpt lat="40.77353" lon="-73.67462">
      <ele>48.0</ele>
    </trkpt>
    <trkpt lat="40.77384" lon="-73.67257">
      <ele>48.0</ele>
    </trkpt>
    <trkpt lat="40.77394" lon="-73.67209">
      <ele>48.0</ele>
    </trkpt>
    <trkpt lat="40.77407" lon="-73.67154">
      <ele>48.0</ele>
    </trkpt>
    <trkpt lat="40.77417" lon="-73.67121">
      <ele>48.0</ele>
    </trkpt>
    <trkpt lat="40.77442" lon="-73.67048">
      <ele>48.1</ele>
    </trkpt>
    <trkpt lat="40.77456" lon="-73.67013">
      <ele>48.4</ele>
    </trkpt>
    <trkpt lat="40.7748" lon="-73.66961">
      <ele>48.2</ele>
    </trkpt>
    <trkpt lat="40.77505" lon="-73.66913">
      <ele>47.2</ele>
    </trkpt>
    <trkpt lat="40.77536" lon="-73.66862">
      <ele>47.3</ele>
    </trkpt>
    <trkpt lat="40.77566" lon="-73.66819">
      <ele>47.2</ele>
    </trkpt>
    <trkpt lat="40.77603" lon="-73.66773">
      <ele>48.0</ele>
    </trkpt>
    <trkpt lat="40.77615" lon="-73.66761">
      <ele>48.0</ele>
    </trkpt>
    <trkpt lat="40.77616" lon="-73.66751">
      <ele>48.0</ele>
    </trkpt>
    <trkpt lat="40.77617" lon="-73.6675">
      <ele>48.0</ele>
    </trkpt>
    <trkpt lat="40.77617" lon="-73.66749">
      <ele>48.0</ele>
    </trkpt>
    <trkpt lat="40.7762" lon="-73.66745">
      <ele>48.0</ele>
    </trkpt>
    <trkpt lat="40.77643" lon="-73.66722">
      <ele>48.0</ele>
    </trkpt>
    <trkpt lat="40.77748" lon="-73.66604">
      <ele>49.9</ele>
    </trkpt>
    <trkpt lat="40.77748" lon="-73.66603">
      <ele>49.9</ele>
    </trkpt>
    <trkpt lat="40.77749" lon="-73.66603">
      <ele>50.0</ele>
    </trkpt>
    <trkpt lat="40.7775" lon="-73.66592">
      <ele>50.0</ele>
    </trkpt>
    <trkpt lat="40.77778" lon="-73.6656">
      <ele>50.0</ele>
    </trkpt>
    <trkpt lat="40.77822" lon="-73.66499">
      <ele>49.6</ele>
    </trkpt>
    <trkpt lat="40.77829" lon="-73.66488">
      <ele>49.4</ele>
    </trkpt>
    <trkpt lat="40.77848" lon="-73.66454">
      <ele>48.3</ele>
    </trkpt>
    <trkpt lat="40.77877" lon="-73.66388">
      <ele>48.0</ele>
    </trkpt>
    <trkpt lat="40.77883" lon="-73.66372">
      <ele>47.9</ele>
    </trkpt>
    <trkpt lat="40.77906" lon="-73.66299">
      <ele>47.4</ele>
    </trkpt>
    <trkpt lat="40.77921" lon="-73.66232">
      <ele>45.9</ele>
    </trkpt>
    <trkpt lat="40.77932" lon="-73.66145">
      <ele>45.1</ele>
    </trkpt>
    <trkpt lat="40.77804" lon="-73.65983">
      <ele>44.9</ele>
    </trkpt>
    <trkpt lat="40.778" lon="-73.65972">
      <ele>44.8</ele>
    </trkpt>
    <trkpt lat="40.77778" lon="-73.65949">
      <ele>44.0</ele>
    </trkpt>
    <trkpt lat="40.77766" lon="-73.6594">
      <ele>44.0</ele>
    </trkpt>
    <trkpt lat="40.77759" lon="-73.65934">
      <ele>44.0</ele>
    </trkpt>
    <trkpt lat="40.77746" lon="-73.65926">
      <ele>44.1</ele>
    </trkpt>
    <trkpt lat="40.77723" lon="-73.65914">
      <ele>45.0</ele>
    </trkpt>
    <trkpt lat="40.77691" lon="-73.65901">
      <ele>45.0</ele>
    </trkpt>
    <trkpt lat="40.77678" lon="-73.65897">
      <ele>45.0</ele>
    </trkpt>
    <trkpt lat="40.7763" lon="-73.65886">
      <ele>44.7</ele>
    </trkpt>
    <trkpt lat="40.77569" lon="-73.65874">
      <ele>43.0</ele>
    </trkpt>
    <trkpt lat="40.77545" lon="-73.65866">
      <ele>42.9</ele>
    </trkpt>
    <trkpt lat="40.7752" lon="-73.65856">
      <ele>42.8</ele>
    </trkpt>
    <trkpt lat="40.77455" lon="-73.65827">
      <ele>42.0</ele>
    </trkpt>
    <trkpt lat="40.77432" lon="-73.65818">
      <ele>42.0</ele>
    </trkpt>
    <trkpt lat="40.77413" lon="-73.65813">
      <ele>41.8</ele>
    </trkpt>
    <trkpt lat="40.77375" lon="-73.65806">
      <ele>39.5</ele>
    </trkpt>
    <trkpt lat="40.77279" lon="-73.65799">
      <ele>38.0</ele>
    </trkpt>
    <trkpt lat="40.77281" lon="-73.65842">
      <ele>39.0</ele>
    </trkpt>
    <trkpt lat="40.77283" lon="-73.65856">
      <ele>39.0</ele>
    </trkpt>
    <trkpt lat="40.77288" lon="-73.65877">
      <ele>38.6</ele>
    </trkpt>
    <trkpt lat="40.77298" lon="-73.65901">
      <ele>38.7</ele>
    </trkpt>
    <trkpt lat="40.7738" lon="-73.66075">
      <ele>38.7</ele>
    </trkpt>
    <trkpt lat="40.77389" lon="-73.66105">
      <ele>38.2</ele>
    </trkpt>
    <trkpt lat="40.77391" lon="-73.66126">
      <ele>38.6</ele>
    </trkpt>
    <trkpt lat="40.77391" lon="-73.66137">
      <ele>38.9</ele>
    </trkpt>
    <trkpt lat="40.7737" lon="-73.66285">
      <ele>40.6</ele>
    </trkpt>
    <trkpt lat="40.77331" lon="-73.66276">
      <ele>41.0</ele>
    </trkpt>
    <trkpt lat="40.77329" lon="-73.66275">
      <ele>41.0</ele>
    </trkpt>
    <trkpt lat="40.77328" lon="-73.66273">
      <ele>41.0</ele>
    </trkpt>
    <trkpt lat="40.77328" lon="-73.66255">
      <ele>40.2</ele>
    </trkpt>
    <trkpt lat="40.77331" lon="-73.6621">
      <ele>39.0</ele>
    </trkpt>
    <trkpt lat="40.77331" lon="-73.66196">
      <ele>39.0</ele>
    </trkpt>
    <trkpt lat="40.7733" lon="-73.66193">
      <ele>39.0</ele>
    </trkpt>
    <trkpt lat="40.77262" lon="-73.66045">
      <ele>38.4</ele>
    </trkpt>
  </trkseg>