eventdatetime,deviceid,driverid,headingdegrees
02/04/2015 07:57:32,FGH-9876,1,129
02/04/2015 07:57:33,FGH-9876,1,60
02/04/2015 07:57:34,FGH-9876,1,15
02/04/2015 07:57:35,FGH-9876,1,92
02/04/2015 07:57:36,FGH-9876,1,168
02/04/2015 07:57:37,FGH-9876,1,49
02/04/2015 07:57:38,FGH-9876,1,125
02/04/2015 07:57:40,FGH-9876,1,76
02/04/2015 07:57:41,FGH-9876,1,37
02/04/2015 07:57:42,FGH-9876,1,113
02/04/2015 07:57:43,FGH-9876,1,29
02/04/2015 07:57:44,FGH-9876,1,106
02/04/2015 07:57:45,FGH-9876,1,37
02/04/2015 07:57:46,FGH-9876,1,18
02/04/2015 07:57:48,FGH-9876,1,119
02/04/2015 07:57:49,FGH-9876,1,170
02/04/2015 07:57:50,FGH-9876,1,96
02/04/2015 07:57:51,FGH-9876,1,146
02/04/2015 07:57:52,FGH-9876,1,113
02/04/2015 07:57:53,FGH-9876,1,10
02/04/2015 07:57:55,FGH-9876,1,10
02/04/2015 07:57:56,FGH-9876,1,176
02/04/2015 07:57:57,FGH-9876,1,82
02/04/2015 07:57:58,FGH-9876,1,159
02/04/2015 07:57:59,FGH-9876,1,55
02/04/2015 07:58:00,FGH-9876,1,26
02/04/2015 07:58:01,FGH-9876,1,22
02/04/2015 07:58:02,FGH-9876,1,8
02/04/2015 07:58:03,FGH-9876,1,5
02/04/2015 07:58:04,FGH-9876,1,1
02/04/2015 07:58:05,FGH-9876,1,77
02/04/2015 07:58:06,FGH-9876,1,154
02/04/2015 07:58:07,FGH-9876,1,50
02/04/2015 07:58:08,FGH-9876,1,127
02/04/2015 07:58:09,FGH-9876,1,24
02/04/2015 07:58:10,FGH-9876,1,100
02/04/2015 07:58:11,FGH-9876,1,147
02/04/2015 07:58:12,FGH-9876,1,44
02/04/2015 07:58:13,FGH-9876,1,5
02/04/2015 07:58:14,FGH-9876,1,81
02/04/2015 07:58:15,FGH-9876,1,158
02/04/2015 07:58:17,FGH-9876,1,73
02/04/2015 07:58:18,FGH-9876,1,124
02/04/2015 07:58:19,FGH-9876,1,21
02/04/2015 07:58:20,FGH-9876,1,97
02/04/2015 07:58:21,FGH-9876,1,174
02/04/2015 07:58:22,FGH-9876,1,125
02/04/2015 07:58:23,FGH-9876,1,22
02/04/2015 12:11:00,FGH-9876,1,31
02/04/2015 12:11:04,FGH-9876,1,77
02/04/2015 12:10:48,FGH-9876,1,17
02/04/2015 12:10:53,FGH-9876,1,90
02/04/2015 12:10:54,FGH-9876,1,167
02/04/2015 12:10:59,FGH-9876,1,135
02/04/2015 12:38:36,FGH-9876,1,83
02/04/2015 12:38:28,FGH-9876,1,82
02/04/2015 12:38:37,FGH-9876,1,160
02/04/2015 12:38:38,FGH-9876,1,57
02/04/2015 12:38:39,FGH-9876,1,59
02/04/2015 12:38:41,FGH-9876,1,90
02/04/2015 12:38:43,FGH-9876,1,156
02/04/2015 12:38:44,FGH-9876,1,52
02/04/2015 12:38:45,FGH-9876,1,178
02/04/2015 12:38:46,FGH-9876,1,145
02/04/2015 12:38:47,FGH-9876,1,51
02/04/2015 12:38:48,FGH-9876,1,112
02/04/2015 12:38:49,FGH-9876,1,133
02/04/2015 12:39:38,FGH-9876,1,143
02/04/2015 12:39:39,FGH-9876,1,10
02/04/2015 12:39:40,FGH-9876,1,87
02/04/2015 12:39:42,FGH-9876,1,150
02/04/2015 12:39:44,FGH-9876,1,11
02/04/2015 12:39:45,FGH-9876,1,88
02/04/2015 12:39:46,FGH-9876,1,58
02/04/2015 12:39:47,FGH-9876,1,19
02/04/2015 12:39:48,FGH-9876,1,41
02/04/2015 12:39:49,FGH-9876,1,101
02/04/2015 12:39:50,FGH-9876,1,177
02/04/2015 12:39:52,FGH-9876,1,42
02/04/2015 12:39:53,FGH-9876,1,89
02/04/2015 12:39:54,FGH-9876,1,134
02/04/2015 12:39:55,FGH-9876,1,1
02/04/2015 12:39:56,FGH-9876,1,177
02/04/2015 12:39:57,FGH-9876,1,23
02/04/2015 12:39:59,FGH-9876,1,109
02/04/2015 12:40:00,FGH-9876,1,40
02/04/2015 12:40:01,FGH-9876,1,7
02/04/2015 12:40:02,FGH-9876,1,33
02/04/2015 12:40:03,FGH-9876,1,0
02/04/2015 12:40:04,FGH-9876,1,141
02/04/2015 12:40:05,FGH-9876,1,137
02/04/2015 12:40:06,FGH-9876,1,69
02/04/2015 12:40:07,FGH-9876,1,36
02/04/2015 12:40:08,FGH-9876,1,32
02/04/2015 12:40:09,FGH-9876,1,28
02/04/2015 12:40:10,FGH-9876,1,140
02/04/2015 12:40:11,FGH-9876,1,21
02/04/2015 12:40:13,FGH-9876,1,36
02/04/2015 12:40:14,FGH-9876,1,96
02/04/2015 12:40:45,FGH-9876,1,119
02/04/2015 12:40:44,FGH-9876,1,43
02/04/2015 12:40:46,FGH-9876,1,16
02/04/2015 12:40:47,FGH-9876,1,131
02/04/2015 12:40:48,FGH-9876,1,57
02/04/2015 12:40:50,FGH-9876,1,33
02/04/2015 12:40:51,FGH-9876,1,14
02/04/2015 12:41:08,FGH-9876,1,139
02/04/2015 12:41:09,FGH-9876,1,60
02/04/2015 12:41:10,FGH-9876,1,137
02/04/2015 12:41:12,FGH-9876,1,72
02/04/2015 12:41:13,FGH-9876,1,119
02/04/2015 12:41:14,FGH-9876,1,109
02/04/2015 12:41:15,FGH-9876,1,6
02/04/2015 12:41:16,FGH-9876,1,72
02/04/2015 12:41:17,FGH-9876,1,149
02/04/2015 12:41:18,FGH-9876,1,65
02/04/2015 12:41:19,FGH-9876,1,142
02/04/2015 12:43:09,FGH-9876,1,103
02/04/2015 12:43:08,FGH-9876,1,142
02/04/2015 12:43:10,FGH-9876,1,0
02/04/2015 12:43:11,FGH-9876,1,66
02/04/2015 12:43:12,FGH-9876,1,72
02/04/2015 12:43:14,FGH-9876,1,97
02/04/2015 12:43:15,FGH-9876,1,84
02/04/2015 12:43:16,FGH-9876,1,15
02/04/2015 12:43:17,FGH-9876,1,12
02/04/2015 12:43:18,FGH-9876,1,88
02/04/2015 12:43:19,FGH-9876,1,20
02/04/2015 12:43:20,FGH-9876,1,100
02/04/2015 12:43:21,FGH-9876,1,147
02/04/2015 12:44:25,FGH-9876,1,135
02/04/2015 12:44:26,FGH-9876,1,32
02/04/2015 12:44:27,FGH-9876,1,108
02/04/2015 12:45:00,FGH-9876,1,6
02/04/2015 12:45:01,FGH-9876,1,82
02/04/2015 12:45:02,FGH-9876,1,159
02/04/2015 12:45:03,FGH-9876,1,4
02/04/2015 12:45:05,FGH-9876,1,109
02/04/2015 12:45:06,FGH-9876,1,6
02/04/2015 12:45:07,FGH-9876,1,37
02/04/2015 12:45:08,FGH-9876,1,149
02/04/2015 12:47:31,FGH-9876,1,52
02/04/2015 12:47:32,FGH-9876,1,129
02/04/2015 12:47:33,FGH-9876,1,25
02/04/2015 12:47:34,FGH-9876,1,76
02/04/2015 12:47:35,FGH-9876,1,8
02/04/2015 12:47:36,FGH-9876,1,168
02/04/2015 12:47:38,FGH-9876,1,158
02/04/2015 12:47:39,FGH-9876,1,54
02/04/2015 12:47:40,FGH-9876,1,160
02/04/2015 12:47:41,FGH-9876,1,56
02/04/2015 12:47:42,FGH-9876,1,132
02/04/2015 12:47:43,FGH-9876,1,29
02/04/2015 12:47:44,FGH-9876,1,44
02/04/2015 12:47:45,FGH-9876,1,92
02/04/2015 12:47:47,FGH-9876,1,1
02/04/2015 12:47:48,FGH-9876,1,48
02/04/2015 12:47:49,FGH-9876,1,109
02/04/2015 12:47:50,FGH-9876,1,70
02/04/2015 12:47:51,FGH-9876,1,121
02/04/2015 12:47:52,FGH-9876,1,17
02/04/2015 12:47:54,FGH-9876,1,148
02/04/2015 12:47:55,FGH-9876,1,44
02/04/2015 12:47:56,FGH-9876,1,70
02/04/2015 12:47:57,FGH-9876,1,147
02/04/2015 12:47:58,FGH-9876,1,88
02/04/2015 12:47:59,FGH-9876,1,164
02/04/2015 12:48:00,FGH-9876,1,154
02/04/2015 12:48:01,FGH-9876,1,21
02/04/2015 12:48:03,FGH-9876,1,162
02/04/2015 12:48:04,FGH-9876,1,58
02/04/2015 12:48:05,FGH-9876,1,119
02/04/2015 12:48:06,FGH-9876,1,15
02/04/2015 12:48:07,FGH-9876,1,121
02/04/2015 12:48:08,FGH-9876,1,17
02/04/2015 12:48:10,FGH-9876,1,23
02/04/2015 12:48:11,FGH-9876,1,164
02/04/2015 12:48:12,FGH-9876,1,96
02/04/2015 12:48:13,FGH-9876,1,172
02/04/2015 12:48:14,FGH-9876,1,24
02/04/2015 12:48:15,FGH-9876,1,100
02/04/2015 12:48:16,FGH-9876,1,26
02/04/2015 12:48:17,FGH-9876,1,102
02/04/2015 12:48:18,FGH-9876,1,108
02/04/2015 12:48:19,FGH-9876,1,4
02/04/2015 12:48:54,FGH-9876,1,177
02/04/2015 12:48:55,FGH-9876,1,138
02/04/2015 12:48:56,FGH-9876,1,128
02/04/2015 12:48:57,FGH-9876,1,24
02/04/2015 12:48:58,FGH-9876,1,56
02/04/2015 12:48:59,FGH-9876,1,87
02/04/2015 12:49:00,FGH-9876,1,48
02/04/2015 12:49:01,FGH-9876,1,95
02/04/2015 12:49:03,FGH-9876,1,156
02/04/2015 12:49:04,FGH-9876,1,117
02/04/2015 12:49:05,FGH-9876,1,33
02/04/2015 12:49:06,FGH-9876,1,109
02/04/2015 12:49:07,FGH-9876,1,169
02/04/2015 12:49:08,FGH-9876,1,66
02/04/2015 12:49:09,FGH-9876,1,52
02/04/2015 12:49:10,FGH-9876,1,113
02/04/2015 12:49:12,FGH-9876,1,15
02/04/2015 12:49:13,FGH-9876,1,12
02/04/2015 12:49:14,FGH-9876,1,82
02/04/2015 12:49:15,FGH-9876,1,43
02/04/2015 12:49:16,FGH-9876,1,84
02/04/2015 12:49:17,FGH-9876,1,160
02/04/2015 12:49:19,FGH-9876,1,31
02/04/2015 12:49:20,FGH-9876,1,1
02/04/2015 12:49:22,FGH-9876,1,45
02/04/2015 12:49:23,FGH-9876,1,125
02/04/2015 12:49:24,FGH-9876,1,22
02/04/2015 12:49:25,FGH-9876,1,153
02/04/2015 12:49:26,FGH-9876,1,20
02/04/2015 12:49:28,FGH-9876,1,145
02/04/2015 12:49:29,FGH-9876,1,106
02/04/2015 12:49:30,FGH-9876,1,172
02/04/2015 12:49:31,FGH-9876,1,133
02/04/2015 12:49:32,FGH-9876,1,1
02/04/2015 12:50:46,FGH-9876,1,79
02/04/2015 12:50:45,FGH-9876,1,2
02/04/2015 12:50:47,FGH-9876,1,40
02/04/2015 12:50:49,FGH-9876,1,135
02/04/2015 12:50:50,FGH-9876,1,16
02/04/2015 12:50:51,FGH-9876,1,12
02/04/2015 12:50:52,FGH-9876,1,8
02/04/2015 12:50:53,FGH-9876,1,155
02/04/2015 12:50:54,FGH-9876,1,1
02/04/2015 12:50:55,FGH-9876,1,32
02/04/2015 12:51:12,FGH-9876,1,9
02/04/2015 12:51:14,FGH-9876,1,47
02/04/2015 12:51:16,FGH-9876,1,152
02/04/2015 12:51:13,FGH-9876,1,150
02/04/2015 12:51:17,FGH-9876,1,49
02/04/2015 12:51:18,FGH-9876,1,96
02/04/2015 12:51:19,FGH-9876,1,112
02/04/2015 12:51:20,FGH-9876,1,127
02/04/2015 12:51:21,FGH-9876,1,24
02/04/2015 12:51:22,FGH-9876,1,154
02/04/2015 12:51:23,FGH-9876,1,51
02/04/2015 12:51:25,FGH-9876,1,102
02/04/2015 12:51:26,FGH-9876,1,8
02/04/2015 12:51:27,FGH-9876,1,139
02/04/2015 12:51:28,FGH-9876,1,35
02/04/2015 12:53:15,FGH-9876,1,11
02/04/2015 12:53:16,FGH-9876,1,152
02/04/2015 12:53:17,FGH-9876,1,49
02/04/2015 12:53:18,FGH-9876,1,125
02/04/2015 12:53:19,FGH-9876,1,92
02/04/2015 12:53:21,FGH-9876,1,101
02/04/2015 12:53:22,FGH-9876,1,142
02/04/2015 12:53:23,FGH-9876,1,68
02/04/2015 12:53:24,FGH-9876,1,134
02/04/2015 12:53:25,FGH-9876,1,95
02/04/2015 12:53:26,FGH-9876,1,172
02/04/2015 12:53:27,FGH-9876,1,39
02/04/2015 12:53:29,FGH-9876,1,48
02/04/2015 12:53:30,FGH-9876,1,125
02/04/2015 12:53:31,FGH-9876,1,47
02/04/2015 12:53:32,FGH-9876,1,123
02/04/2015 12:53:33,FGH-9876,1,84
02/04/2015 12:53:34,FGH-9876,1,131
02/04/2015 12:53:35,FGH-9876,1,28
02/04/2015 12:53:36,FGH-9876,1,169
02/04/2015 12:53:37,FGH-9876,1,149
02/04/2015 12:53:38,FGH-9876,1,110
02/04/2015 12:53:40,FGH-9876,1,67
02/04/2015 12:53:41,FGH-9876,1,28
02/04/2015 12:53:42,FGH-9876,1,124
02/04/2015 12:53:43,FGH-9876,1,85
02/04/2015 12:53:44,FGH-9876,1,36
02/04/2015 12:53:45,FGH-9876,1,112
02/04/2015 12:53:46,FGH-9876,1,74
02/04/2015 12:53:47,FGH-9876,1,121
02/04/2015 12:53:48,FGH-9876,1,17
02/04/2015 12:53:49,FGH-9876,1,158
02/04/2015 12:53:50,FGH-9876,1,26
02/04/2015 12:53:51,FGH-9876,1,51
02/04/2015 12:53:53,FGH-9876,1,31
02/04/2015 12:53:54,FGH-9876,1,97
02/04/2015 12:53:55,FGH-9876,1,174
02/04/2015 12:53:56,FGH-9876,1,9
02/04/2015 12:53:57,FGH-9876,1,151
02/04/2015 12:56:15,FGH-9876,1,50
02/04/2015 12:56:16,FGH-9876,1,97
02/04/2015 12:56:18,FGH-9876,1,135
02/04/2015 12:56:17,FGH-9876,1,58
02/04/2015 12:56:19,FGH-9876,1,32
02/04/2015 12:56:21,FGH-9876,1,22
02/04/2015 12:56:23,FGH-9876,1,126
02/04/2015 12:56:24,FGH-9876,1,39
02/04/2015 12:56:25,FGH-9876,1,86
02/04/2015 12:56:26,FGH-9876,1,162
02/04/2015 12:56:28,FGH-9876,1,14
02/04/2015 12:56:29,FGH-9876,1,75
02/04/2015 12:56:30,FGH-9876,1,171
02/04/2015 12:56:31,FGH-9876,1,137
02/04/2015 12:56:32,FGH-9876,1,169
02/04/2015 12:56:33,FGH-9876,1,50
02/04/2015 12:56:34,FGH-9876,1,81
02/04/2015 12:56:35,FGH-9876,1,113
02/04/2015 12:56:36,FGH-9876,1,144
02/04/2015 12:56:37,FGH-9876,1,25
02/04/2015 12:56:38,FGH-9876,1,56
02/04/2015 12:56:39,FGH-9876,1,58
02/04/2015 12:56:41,FGH-9876,1,174
02/04/2015 12:56:42,FGH-9876,1,25
02/04/2015 12:56:43,FGH-9876,1,92
02/04/2015 12:56:44,FGH-9876,1,88
02/04/2015 12:56:45,FGH-9876,1,119
02/04/2015 12:56:46,FGH-9876,1,70
02/04/2015 12:56:47,FGH-9876,1,166
02/04/2015 12:56:48,FGH-9876,1,47
02/04/2015 12:56:49,FGH-9876,1,79
02/04/2015 12:56:50,FGH-9876,1,45
02/04/2015 12:56:51,FGH-9876,1,26
02/04/2015 12:56:52,FGH-9876,1,173
02/04/2015 12:56:54,FGH-9876,1,124
02/04/2015 12:56:55,FGH-9876,1,5
02/04/2015 12:56:56,FGH-9876,1,36
02/04/2015 12:56:57,FGH-9876,1,3
02/04/2015 12:56:58,FGH-9876,1,164
02/04/2015 12:56:59,FGH-9876,1,160
02/04/2015 13:00:02,FGH-9876,1,100
02/04/2015 12:59:58,FGH-9876,1,135
02/04/2015 13:00:01,FGH-9876,1,24
02/04/2015 13:00:00,FGH-9876,1,172
02/04/2015 12:59:59,FGH-9876,1,96
02/04/2015 13:00:03,FGH-9876,1,177
02/04/2015 13:00:04,FGH-9876,1,73
02/04/2015 13:00:05,FGH-9876,1,150
02/04/2015 13:07:11,FGH-9876,1,148
02/04/2015 13:07:12,FGH-9876,1,44
02/04/2015 13:07:13,FGH-9876,1,121
02/04/2015 13:07:10,FGH-9876,1,71
02/04/2015 13:07:14,FGH-9876,1,18
02/04/2015 13:07:15,FGH-9876,1,94
02/04/2015 13:07:16,FGH-9876,1,90
02/04/2015 13:07:19,FGH-9876,1,176
02/04/2015 13:07:21,FGH-9876,1,45
02/04/2015 13:07:22,FGH-9876,1,42
02/04/2015 13:07:23,FGH-9876,1,38
02/04/2015 13:07:24,FGH-9876,1,143
02/04/2015 13:07:25,FGH-9876,1,24
02/04/2015 13:07:26,FGH-9876,1,107
02/04/2015 13:07:27,FGH-9876,1,132
02/04/2015 13:07:28,FGH-9876,1,164
02/04/2015 13:07:29,FGH-9876,1,95
02/04/2015 13:07:30,FGH-9876,1,92
02/04/2015 13:07:32,FGH-9876,1,117
02/04/2015 13:07:33,FGH-9876,1,113
02/04/2015 13:07:34,FGH-9876,1,45
02/04/2015 13:07:35,FGH-9876,1,141
02/04/2015 13:07:36,FGH-9876,1,8
02/04/2015 13:07:37,FGH-9876,1,69
02/04/2015 13:07:38,FGH-9876,1,116
02/04/2015 13:07:39,FGH-9876,1,147
02/04/2015 13:07:40,FGH-9876,1,108
02/04/2015 13:07:41,FGH-9876,1,24
02/04/2015 13:07:42,FGH-9876,1,136
02/04/2015 13:07:43,FGH-9876,1,167
02/04/2015 13:07:44,FGH-9876,1,99
02/04/2015 13:07:45,FGH-9876,1,95
02/04/2015 13:07:46,FGH-9876,1,92
02/04/2015 13:07:47,FGH-9876,1,153
02/04/2015 13:07:48,FGH-9876,1,84
02/04/2015 13:07:49,FGH-9876,1,51
02/04/2015 13:07:50,FGH-9876,1,77
02/04/2015 13:07:51,FGH-9876,1,44
02/04/2015 13:07:53,FGH-9876,1,4
02/04/2015 13:07:54,FGH-9876,1,65
02/04/2015 13:07:55,FGH-9876,1,177
02/04/2015 13:07:56,FGH-9876,1,28
02/04/2015 13:07:57,FGH-9876,1,140
02/04/2015 13:07:58,FGH-9876,1,136
02/04/2015 13:07:59,FGH-9876,1,162
02/04/2015 13:08:00,FGH-9876,1,13
02/04/2015 13:08:01,FGH-9876,1,45
02/04/2015 13:08:03,FGH-9876,1,140
02/04/2015 13:08:04,FGH-9876,1,37
02/04/2015 13:08:05,FGH-9876,1,103
02/04/2015 13:08:06,FGH-9876,1,164
02/04/2015 13:08:07,FGH-9876,1,70
02/04/2015 13:08:08,FGH-9876,1,2
02/04/2015 13:08:09,FGH-9876,1,52
02/04/2015 13:08:10,FGH-9876,1,23
02/04/2015 13:08:11,FGH-9876,1,135
02/04/2015 13:08:13,FGH-9876,1,131
02/04/2015 13:08:14,FGH-9876,1,2
02/04/2015 13:08:15,FGH-9876,1,178
02/04/2015 13:08:16,FGH-9876,1,20
02/04/2015 13:08:17,FGH-9876,1,16
02/04/2015 13:08:18,FGH-9876,1,156
02/04/2015 13:08:19,FGH-9876,1,53
02/04/2015 13:08:20,FGH-9876,1,149
02/04/2015 13:08:21,FGH-9876,1,145
02/04/2015 13:08:23,FGH-9876,1,16
02/04/2015 13:08:24,FGH-9876,1,12
02/04/2015 13:08:25,FGH-9876,1,34
02/04/2015 13:08:26,FGH-9876,1,30
02/04/2015 13:08:27,FGH-9876,1,116
02/04/2015 13:08:28,FGH-9876,1,48
02/04/2015 13:08:29,FGH-9876,1,124
02/04/2015 13:08:30,FGH-9876,1,105
02/04/2015 13:08:31,FGH-9876,1,72
02/04/2015 13:08:32,FGH-9876,1,132
02/04/2015 13:08:34,FGH-9876,1,154
02/04/2015 13:08:35,FGH-9876,1,0
02/04/2015 13:08:36,FGH-9876,1,21
02/04/2015 13:08:37,FGH-9876,1,17
02/04/2015 13:08:38,FGH-9876,1,68
02/04/2015 13:08:39,FGH-9876,1,64
02/04/2015 13:08:40,FGH-9876,1,115
02/04/2015 13:08:41,FGH-9876,1,21
02/04/2015 13:08:42,FGH-9876,1,133
02/04/2015 13:08:43,FGH-9876,1,129
02/04/2015 13:08:45,FGH-9876,1,151
02/04/2015 13:08:46,FGH-9876,1,102
02/04/2015 13:08:47,FGH-9876,1,37
02/04/2015 13:08:48,FGH-9876,1,33
02/04/2015 13:08:49,FGH-9876,1,90
02/04/2015 13:08:50,FGH-9876,1,51
02/04/2015 13:08:51,FGH-9876,1,137
02/04/2015 13:08:52,FGH-9876,1,69
02/04/2015 13:08:54,FGH-9876,1,120
02/04/2015 13:08:55,FGH-9876,1,116
02/04/2015 13:08:56,FGH-9876,1,76
02/04/2015 13:08:57,FGH-9876,1,153
02/04/2015 13:08:58,FGH-9876,1,162
02/04/2015 13:09:00,FGH-9876,1,119
02/04/2015 13:09:01,FGH-9876,1,145
02/04/2015 13:09:02,FGH-9876,1,147
02/04/2015 13:09:03,FGH-9876,1,173
02/04/2015 13:09:04,FGH-9876,1,169
02/04/2015 13:09:05,FGH-9876,1,10
02/04/2015 13:09:06,FGH-9876,1,126
02/04/2015 13:09:07,FGH-9876,1,28
02/04/2015 13:09:08,FGH-9876,1,153
02/04/2015 13:09:09,FGH-9876,1,20
02/04/2015 13:09:10,FGH-9876,1,81
02/04/2015 13:09:11,FGH-9876,1,78
02/04/2015 13:16:23,FGH-9876,1,136
02/04/2015 13:16:24,FGH-9876,1,3
02/04/2015 13:16:25,FGH-9876,1,80
02/04/2015 13:16:26,FGH-9876,1,141
02/04/2015 13:16:28,FGH-9876,1,31
02/04/2015 13:16:29,FGH-9876,1,78
02/04/2015 13:16:30,FGH-9876,1,129
02/04/2015 13:16:31,FGH-9876,1,125
02/04/2015 13:16:32,FGH-9876,1,92
02/04/2015 13:16:33,FGH-9876,1,168
02/04/2015 13:16:34,FGH-9876,1,14
02/04/2015 13:16:35,FGH-9876,1,91
02/04/2015 13:16:36,FGH-9876,1,22
02/04/2015 13:16:37,FGH-9876,1,164
02/04/2015 13:16:38,FGH-9876,1,31
02/04/2015 13:16:39,FGH-9876,1,107
02/04/2015 13:16:40,FGH-9876,1,103
02/04/2015 13:16:41,FGH-9876,1,0
02/04/2015 13:16:42,FGH-9876,1,141
02/04/2015 13:16:43,FGH-9876,1,38
02/04/2015 13:16:44,FGH-9876,1,85
02/04/2015 13:16:48,FGH-9876,1,131
02/04/2015 13:16:47,FGH-9876,1,84
02/04/2015 13:16:49,FGH-9876,1,56
02/04/2015 13:16:51,FGH-9876,1,97
02/04/2015 13:16:53,FGH-9876,1,38
02/04/2015 13:16:55,FGH-9876,1,92
02/04/2015 13:16:56,FGH-9876,1,53
02/04/2015 13:16:57,FGH-9876,1,164
02/04/2015 13:16:58,FGH-9876,1,60
02/04/2015 13:16:59,FGH-9876,1,21
02/04/2015 13:17:01,FGH-9876,1,107
02/04/2015 13:17:02,FGH-9876,1,69
02/04/2015 13:17:03,FGH-9876,1,170
02/04/2015 13:17:04,FGH-9876,1,131
02/04/2015 13:17:05,FGH-9876,1,118
02/04/2015 13:17:06,FGH-9876,1,79
02/04/2015 13:17:07,FGH-9876,1,0
02/04/2015 13:17:08,FGH-9876,1,81
02/04/2015 13:17:09,FGH-9876,1,128
02/04/2015 13:17:10,FGH-9876,1,89
02/04/2015 13:17:11,FGH-9876,1,140
02/04/2015 13:17:13,FGH-9876,1,136
02/04/2015 13:17:14,FGH-9876,1,87
02/04/2015 13:17:15,FGH-9876,1,134
02/04/2015 13:17:16,FGH-9876,1,150
02/04/2015 13:17:17,FGH-9876,1,111
02/04/2015 13:17:18,FGH-9876,1,33
02/04/2015 13:17:19,FGH-9876,1,174
02/04/2015 13:17:20,FGH-9876,1,96
02/04/2015 13:17:21,FGH-9876,1,57
02/04/2015 13:17:22,FGH-9876,1,73
02/04/2015 13:17:23,FGH-9876,1,149
02/04/2015 13:17:24,FGH-9876,1,71
02/04/2015 13:17:26,FGH-9876,1,61
02/04/2015 13:17:27,FGH-9876,1,108
02/04/2015 13:17:28,FGH-9876,1,4
02/04/2015 13:17:29,FGH-9876,1,30
02/04/2015 13:17:30,FGH-9876,1,77
02/04/2015 13:17:31,FGH-9876,1,128
02/04/2015 13:17:32,FGH-9876,1,114
02/04/2015 13:17:33,FGH-9876,1,11
02/04/2015 13:17:34,FGH-9876,1,91
02/04/2015 13:17:35,FGH-9876,1,77
02/04/2015 13:17:36,FGH-9876,1,39
02/04/2015 13:17:37,FGH-9876,1,86
02/04/2015 13:18:12,FGH-9876,1,137
02/04/2015 13:18:13,FGH-9876,1,33
02/04/2015 13:18:14,FGH-9876,1,110
02/04/2015 13:18:15,FGH-9876,1,141
02/04/2015 13:18:17,FGH-9876,1,5
02/04/2015 13:18:18,FGH-9876,1,81
02/04/2015 13:18:19,FGH-9876,1,161
02/04/2015 13:18:20,FGH-9876,1,29
02/04/2015 13:18:21,FGH-9876,1,140
02/04/2015 13:18:22,FGH-9876,1,101
02/04/2015 13:18:23,FGH-9876,1,98
02/04/2015 13:18:24,FGH-9876,1,94
02/04/2015 13:18:25,FGH-9876,1,26
02/04/2015 13:18:48,FGH-9876,1,154
02/04/2015 13:18:49,FGH-9876,1,50
02/04/2015 13:18:50,FGH-9876,1,127
02/04/2015 13:18:51,FGH-9876,1,108
02/04/2015 13:18:52,FGH-9876,1,3
02/04/2015 13:18:53,FGH-9876,1,154
02/04/2015 13:18:55,FGH-9876,1,140
02/04/2015 13:18:56,FGH-9876,1,156
02/04/2015 13:18:57,FGH-9876,1,7
02/04/2015 13:18:58,FGH-9876,1,122
02/04/2015 13:19:00,FGH-9876,1,18
02/04/2015 13:19:01,FGH-9876,1,95
02/04/2015 13:19:02,FGH-9876,1,175
02/04/2015 13:19:03,FGH-9876,1,72
02/04/2015 13:19:04,FGH-9876,1,119
02/04/2015 13:19:05,FGH-9876,1,15
02/04/2015 13:19:06,FGH-9876,1,156
02/04/2015 13:19:07,FGH-9876,1,24
02/04/2015 13:19:08,FGH-9876,1,100
02/04/2015 13:19:09,FGH-9876,1,100
02/04/2015 13:19:10,FGH-9876,1,167
02/04/2015 13:19:11,FGH-9876,1,63
02/04/2015 13:19:12,FGH-9876,1,104
02/04/2015 13:19:42,FGH-9876,1,113
02/04/2015 13:19:43,FGH-9876,1,64
02/04/2015 13:19:44,FGH-9876,1,140
02/04/2015 13:19:45,FGH-9876,1,101
02/04/2015 13:19:46,FGH-9876,1,62
02/04/2015 13:19:47,FGH-9876,1,38
02/04/2015 13:19:49,FGH-9876,1,57
02/04/2015 13:19:51,FGH-9876,1,152
02/04/2015 13:19:52,FGH-9876,1,171
02/04/2015 13:19:54,FGH-9876,1,96
02/04/2015 13:19:55,FGH-9876,1,173
02/04/2015 13:19:56,FGH-9876,1,24
02/04/2015 13:19:57,FGH-9876,1,71
02/04/2015 13:19:58,FGH-9876,1,87
02/04/2015 13:19:59,FGH-9876,1,148
02/04/2015 13:20:00,FGH-9876,1,45
02/04/2015 13:20:01,FGH-9876,1,40
02/04/2015 13:22:36,FGH-9876,1,53
02/04/2015 13:22:34,FGH-9876,1,15
02/04/2015 13:22:35,FGH-9876,1,156
02/04/2015 13:22:37,FGH-9876,1,129
02/04/2015 13:22:39,FGH-9876,1,102
02/04/2015 13:22:41,FGH-9876,1,1
02/04/2015 13:22:42,FGH-9876,1,77
02/04/2015 13:22:43,FGH-9876,1,122
02/04/2015 13:22:44,FGH-9876,1,169
02/04/2015 13:22:46,FGH-9876,1,24
02/04/2015 13:22:47,FGH-9876,1,71
02/04/2015 13:22:48,FGH-9876,1,126
02/04/2015 13:22:49,FGH-9876,1,23
02/04/2015 13:22:50,FGH-9876,1,99
02/04/2015 13:22:51,FGH-9876,1,175
02/04/2015 13:22:53,FGH-9876,1,30
02/04/2015 13:22:54,FGH-9876,1,106
02/04/2015 13:22:55,FGH-9876,1,3
02/04/2015 13:22:56,FGH-9876,1,137
02/04/2015 13:22:58,FGH-9876,1,152
02/04/2015 13:22:59,FGH-9876,1,48
02/04/2015 13:23:00,FGH-9876,1,125
02/04/2015 13:23:01,FGH-9876,1,115
02/04/2015 13:23:02,FGH-9876,1,11
02/04/2015 13:23:04,FGH-9876,1,152
02/04/2015 13:23:05,FGH-9876,1,113
02/04/2015 13:23:06,FGH-9876,1,99
02/04/2015 13:23:07,FGH-9876,1,146
02/04/2015 13:23:08,FGH-9876,1,27
02/04/2015 13:23:09,FGH-9876,1,139
02/04/2015 13:23:10,FGH-9876,1,135
02/04/2015 13:23:11,FGH-9876,1,32
02/04/2015 13:23:12,FGH-9876,1,173
02/04/2015 13:23:13,FGH-9876,1,44
02/04/2015 13:26:26,FGH-9876,1,17
02/04/2015 13:26:27,FGH-9876,1,94
02/04/2015 13:26:28,FGH-9876,1,170
02/04/2015 13:26:29,FGH-9876,1,76
02/04/2015 13:26:30,FGH-9876,1,86
02/04/2015 13:26:31,FGH-9876,1,162
02/04/2015 13:26:32,FGH-9876,1,59
02/04/2015 13:26:33,FGH-9876,1,125
02/04/2015 13:26:34,FGH-9876,1,22
02/04/2015 13:26:35,FGH-9876,1,83
02/04/2015 13:26:36,FGH-9876,1,130
02/04/2015 13:26:38,FGH-9876,1,126
02/04/2015 14:17:54,FGH-9876,1,13
02/04/2015 14:17:53,FGH-9876,1,116
02/04/2015 14:17:55,FGH-9876,1,154
02/04/2015 14:17:56,FGH-9876,1,40
02/04/2015 14:17:57,FGH-9876,1,85
02/04/2015 14:17:59,FGH-9876,1,81
02/04/2015 14:18:00,FGH-9876,1,157
02/04/2015 14:18:01,FGH-9876,1,163
02/04/2015 14:18:02,FGH-9876,1,44
02/04/2015 14:18:03,FGH-9876,1,165
02/04/2015 14:18:04,FGH-9876,1,16
02/04/2015 14:18:06,FGH-9876,1,22
02/04/2015 14:18:07,FGH-9876,1,53
02/04/2015 14:18:08,FGH-9876,1,50
02/04/2015 14:18:09,FGH-9876,1,111
02/04/2015 15:03:04,FGH-9876,1,48
02/04/2015 15:03:05,FGH-9876,1,124
02/04/2015 15:03:06,FGH-9876,1,21
02/04/2015 15:03:08,FGH-9876,1,136
02/04/2015 15:03:09,FGH-9876,1,32
02/04/2015 15:03:10,FGH-9876,1,79
02/04/2015 15:03:11,FGH-9876,1,156
02/04/2015 15:03:12,FGH-9876,1,46
02/05/2015 09:39:21,FGH-9876,1,54
02/05/2015 09:39:22,FGH-9876,1,131
02/05/2015 09:39:23,FGH-9876,1,146
02/05/2015 09:39:24,FGH-9876,1,27
02/05/2015 09:39:25,FGH-9876,1,39
02/05/2015 09:39:26,FGH-9876,1,0
02/05/2015 09:39:27,FGH-9876,1,76
02/05/2015 09:39:28,FGH-9876,1,153
02/05/2015 09:39:29,FGH-9876,1,114
02/05/2015 09:39:31,FGH-9876,1,55
02/05/2015 09:39:32,FGH-9876,1,170
02/05/2015 09:39:33,FGH-9876,1,47
02/05/2015 09:39:34,FGH-9876,1,127
02/05/2015 09:39:35,FGH-9876,1,104
02/05/2015 09:39:36,FGH-9876,1,0
02/05/2015 09:39:37,FGH-9876,1,61
02/05/2015 09:39:38,FGH-9876,1,138
02/05/2015 09:39:40,FGH-9876,1,5
02/05/2015 09:39:41,FGH-9876,1,81
02/05/2015 09:39:42,FGH-9876,1,42
02/05/2015 12:24:16,FGH-9876,1,55
02/05/2015 12:24:17,FGH-9876,1,131
02/05/2015 12:24:18,FGH-9876,1,137
02/05/2015 12:24:20,FGH-9876,1,178
02/05/2015 12:24:21,FGH-9876,1,74
02/05/2015 12:24:22,FGH-9876,1,170
02/05/2015 12:24:23,FGH-9876,1,105
02/05/2015 12:24:25,FGH-9876,1,175
02/05/2015 12:24:26,FGH-9876,1,72
02/05/2015 12:24:27,FGH-9876,1,148
02/05/2015 12:24:28,FGH-9876,1,45
02/05/2015 12:24:29,FGH-9876,1,122
02/05/2015 12:24:30,FGH-9876,1,18
02/05/2015 12:24:31,FGH-9876,1,100
02/05/2015 12:24:32,FGH-9876,1,177
02/05/2015 12:24:33,FGH-9876,1,67
02/05/2015 12:24:34,FGH-9876,1,144
02/05/2015 12:24:35,FGH-9876,1,130
02/05/2015 12:24:36,FGH-9876,1,91
02/05/2015 12:24:37,FGH-9876,1,52
02/05/2015 12:24:38,FGH-9876,1,129
02/05/2015 12:24:39,FGH-9876,1,25
02/05/2015 12:24:40,FGH-9876,1,102
02/05/2015 12:24:41,FGH-9876,1,4
02/05/2015 12:24:42,FGH-9876,1,110
02/05/2015 12:24:43,FGH-9876,1,141
02/05/2015 12:24:45,FGH-9876,1,31
02/05/2015 12:24:46,FGH-9876,1,72
02/05/2015 12:24:47,FGH-9876,1,88
02/05/2015 12:24:48,FGH-9876,1,164
02/05/2015 12:24:49,FGH-9876,1,61
02/05/2015 12:24:50,FGH-9876,1,138
02/05/2015 12:24:51,FGH-9876,1,34
02/05/2015 12:24:52,FGH-9876,1,111
02/05/2015 12:24:53,FGH-9876,1,7
02/05/2015 12:24:54,FGH-9876,1,84
02/05/2015 12:24:55,FGH-9876,1,160
02/05/2015 12:24:56,FGH-9876,1,57
02/05/2015 12:24:57,FGH-9876,1,133
02/05/2015 12:24:58,FGH-9876,1,30
02/05/2015 12:24:59,FGH-9876,1,116
02/05/2015 12:25:01,FGH-9876,1,122
02/05/2015 12:25:02,FGH-9876,1,18
02/05/2015 12:25:03,FGH-9876,1,95
02/05/2015 12:25:04,FGH-9876,1,171
02/05/2015 12:25:05,FGH-9876,1,68
02/05/2015 12:25:06,FGH-9876,1,138
02/05/2015 12:25:07,FGH-9876,1,18
02/05/2015 12:25:08,FGH-9876,1,75
02/05/2015 12:25:10,FGH-9876,1,65
02/05/2015 12:25:11,FGH-9876,1,142
02/05/2015 12:25:12,FGH-9876,1,67
02/05/2015 12:25:13,FGH-9876,1,143
02/05/2015 12:25:14,FGH-9876,1,40
02/05/2015 12:25:15,FGH-9876,1,46
02/05/2015 12:25:16,FGH-9876,1,122
02/05/2015 12:25:18,FGH-9876,1,28
02/05/2015 12:25:19,FGH-9876,1,169
02/05/2015 12:25:20,FGH-9876,1,66
02/05/2015 12:25:21,FGH-9876,1,122
02/05/2015 12:25:22,FGH-9876,1,19
02/05/2015 12:25:23,FGH-9876,1,96
02/05/2015 12:25:24,FGH-9876,1,57
02/05/2015 12:25:25,FGH-9876,1,8
02/05/2015 12:25:26,FGH-9876,1,149
02/05/2015 12:25:27,FGH-9876,1,81
02/05/2015 12:25:28,FGH-9876,1,157
02/05/2015 12:25:29,FGH-9876,1,54
02/05/2015 12:25:30,FGH-9876,1,120
02/05/2015 12:25:31,FGH-9876,1,17
02/05/2015 12:25:32,FGH-9876,1,93
02/05/2015 12:25:33,FGH-9876,1,170
02/05/2015 12:25:34,FGH-9876,1,67
02/05/2015 12:25:35,FGH-9876,1,98
02/05/2015 12:25:36,FGH-9876,1,175
02/05/2015 12:25:37,FGH-9876,1,171
02/05/2015 12:25:38,FGH-9876,1,67
02/05/2015 12:25:39,FGH-9876,1,179
02/05/2015 12:25:40,FGH-9876,1,76
02/05/2015 12:25:41,FGH-9876,1,91
02/05/2015 12:25:42,FGH-9876,1,168
02/05/2015 12:25:43,FGH-9876,1,64
02/05/2015 12:25:45,FGH-9876,1,105
02/05/2015 12:25:46,FGH-9876,1,2
02/05/2015 12:25:47,FGH-9876,1,78
02/05/2015 12:25:48,FGH-9876,1,68
02/05/2015 12:25:49,FGH-9876,1,109
02/05/2015 12:25:50,FGH-9876,1,6
02/05/2015 12:25:51,FGH-9876,1,82
02/05/2015 12:25:52,FGH-9876,1,159
02/05/2015 12:25:53,FGH-9876,1,55
02/05/2015 12:25:54,FGH-9876,1,116
02/05/2015 12:25:55,FGH-9876,1,13
02/05/2015 12:25:56,FGH-9876,1,89
02/05/2015 12:25:57,FGH-9876,1,166
02/05/2015 12:25:58,FGH-9876,1,63
02/05/2015 12:25:59,FGH-9876,1,149
02/05/2015 12:26:00,FGH-9876,1,45
02/05/2015 12:26:01,FGH-9876,1,122
02/05/2015 12:26:03,FGH-9876,1,2
02/05/2015 12:26:04,FGH-9876,1,78
02/05/2015 12:26:05,FGH-9876,1,10
02/05/2015 12:26:06,FGH-9876,1,87
02/05/2015 12:26:07,FGH-9876,1,108
02/05/2015 12:26:08,FGH-9876,1,5
02/05/2015 12:26:09,FGH-9876,1,81
02/05/2015 12:26:10,FGH-9876,1,158
02/05/2015 12:26:11,FGH-9876,1,3
02/05/2015 12:26:12,FGH-9876,1,80
02/05/2015 12:26:13,FGH-9876,1,47
02/05/2015 12:26:14,FGH-9876,1,152
02/05/2015 12:26:15,FGH-9876,1,49
02/05/2015 12:26:16,FGH-9876,1,125
02/05/2015 12:26:17,FGH-9876,1,22
02/05/2015 12:26:18,FGH-9876,1,98
02/05/2015 12:26:19,FGH-9876,1,175
02/05/2015 12:26:21,FGH-9876,1,65
02/05/2015 12:26:22,FGH-9876,1,116
02/05/2015 12:26:23,FGH-9876,1,57
02/05/2015 12:26:24,FGH-9876,1,63
02/05/2015 12:26:25,FGH-9876,1,159
02/05/2015 12:26:26,FGH-9876,1,56
02/05/2015 12:26:28,FGH-9876,1,57
02/05/2015 12:26:29,FGH-9876,1,134
02/05/2015 12:26:30,FGH-9876,1,95
02/05/2015 12:26:31,FGH-9876,1,172
02/05/2015 12:26:32,FGH-9876,1,68
02/05/2015 12:26:33,FGH-9876,1,145
02/05/2015 12:26:34,FGH-9876,1,141
02/05/2015 12:26:35,FGH-9876,1,38
02/05/2015 12:26:36,FGH-9876,1,143
02/05/2015 12:26:37,FGH-9876,1,40
02/05/2015 12:26:38,FGH-9876,1,116
02/05/2015 12:26:39,FGH-9876,1,13
02/05/2015 12:26:40,FGH-9876,1,89
02/05/2015 12:26:41,FGH-9876,1,166
02/05/2015 12:26:42,FGH-9876,1,62
02/05/2015 12:26:43,FGH-9876,1,168
02/05/2015 12:26:44,FGH-9876,1,64
02/05/2015 12:26:45,FGH-9876,1,141
02/05/2015 12:26:46,FGH-9876,1,38
02/05/2015 12:26:47,FGH-9876,1,114
02/05/2015 12:26:48,FGH-9876,1,11
02/05/2015 12:26:49,FGH-9876,1,87
02/05/2015 12:26:50,FGH-9876,1,138
02/05/2015 12:26:52,FGH-9876,1,95
02/05/2015 12:26:53,FGH-9876,1,171
02/05/2015 12:26:54,FGH-9876,1,52
02/05/2015 12:26:55,FGH-9876,1,129
02/05/2015 12:26:56,FGH-9876,1,25
02/05/2015 12:26:57,FGH-9876,1,102
02/05/2015 12:26:58,FGH-9876,1,178
02/05/2015 12:26:59,FGH-9876,1,75
02/05/2015 12:27:00,FGH-9876,1,152
02/05/2015 12:27:01,FGH-9876,1,83
02/05/2015 12:27:02,FGH-9876,1,160
02/05/2015 12:27:03,FGH-9876,1,70
02/05/2015 12:27:04,FGH-9876,1,146
02/05/2015 12:27:05,FGH-9876,1,42
02/05/2015 12:27:06,FGH-9876,1,119
02/05/2015 12:27:07,FGH-9876,1,15
02/05/2015 12:27:09,FGH-9876,1,56
02/05/2015 12:27:10,FGH-9876,1,52
02/05/2015 12:27:11,FGH-9876,1,13
02/05/2015 12:27:12,FGH-9876,1,118
02/05/2015 12:27:13,FGH-9876,1,15
02/05/2015 12:27:14,FGH-9876,1,91
02/05/2015 12:27:15,FGH-9876,1,168
02/05/2015 12:27:16,FGH-9876,1,64
02/05/2015 12:27:18,FGH-9876,1,90
02/05/2015 12:27:19,FGH-9876,1,176
02/05/2015 12:27:20,FGH-9876,1,72
02/05/2015 12:27:21,FGH-9876,1,43
02/05/2015 12:27:22,FGH-9876,1,13
02/05/2015 12:27:24,FGH-9876,1,134
02/05/2015 12:27:25,FGH-9876,1,31
02/05/2015 12:27:26,FGH-9876,1,72
02/05/2015 12:27:27,FGH-9876,1,148
02/05/2015 12:27:28,FGH-9876,1,45
02/05/2015 12:27:29,FGH-9876,1,121
02/05/2015 12:27:30,FGH-9876,1,118
02/05/2015 12:27:31,FGH-9876,1,43
02/05/2015 12:27:32,FGH-9876,1,14
02/05/2015 12:27:34,FGH-9876,1,170
02/05/2015 12:27:35,FGH-9876,1,66
02/05/2015 12:27:36,FGH-9876,1,63
02/05/2015 12:27:37,FGH-9876,1,139
02/05/2015 12:27:38,FGH-9876,1,126
02/05/2015 12:27:39,FGH-9876,1,22
02/05/2015 12:27:40,FGH-9876,1,99
02/05/2015 12:27:41,FGH-9876,1,175
02/05/2015 12:27:42,FGH-9876,1,85
02/05/2015 12:27:43,FGH-9876,1,56
02/05/2015 12:27:44,FGH-9876,1,132
02/05/2015 12:27:46,FGH-9876,1,173
02/05/2015 12:27:47,FGH-9876,1,89
02/05/2015 12:27:48,FGH-9876,1,20
02/05/2015 12:27:49,FGH-9876,1,97
02/05/2015 12:27:50,FGH-9876,1,167
02/05/2015 12:27:51,FGH-9876,1,63
02/05/2015 12:27:52,FGH-9876,1,140
02/05/2015 12:27:54,FGH-9876,1,65
02/05/2015 12:27:55,FGH-9876,1,112
02/05/2015 12:27:57,FGH-9876,1,86
02/05/2015 12:27:56,FGH-9876,1,9
02/05/2015 12:27:58,FGH-9876,1,47
02/05/2015 12:27:59,FGH-9876,1,123
02/05/2015 12:28:00,FGH-9876,1,20
02/05/2015 12:28:01,FGH-9876,1,96
02/05/2015 12:28:02,FGH-9876,1,173
02/05/2015 12:28:03,FGH-9876,1,134
02/05/2015 12:28:04,FGH-9876,1,31
02/05/2015 12:28:05,FGH-9876,1,162
02/05/2015 12:28:06,FGH-9876,1,58
02/05/2015 12:28:07,FGH-9876,1,135
02/05/2015 12:28:08,FGH-9876,1,31
02/05/2015 12:28:09,FGH-9876,1,63
02/05/2015 12:28:10,FGH-9876,1,23
02/05/2015 12:28:11,FGH-9876,1,45
02/05/2015 12:28:13,FGH-9876,1,50
02/05/2015 12:28:14,FGH-9876,1,166
02/05/2015 12:28:15,FGH-9876,1,62
02/05/2015 12:28:16,FGH-9876,1,139
02/05/2015 12:28:17,FGH-9876,1,100
02/05/2015 12:28:18,FGH-9876,1,177
02/05/2015 12:28:19,FGH-9876,1,108
02/05/2015 12:28:20,FGH-9876,1,156
02/05/2015 12:28:21,FGH-9876,1,1
02/05/2015 12:28:22,FGH-9876,1,78
02/05/2015 12:28:23,FGH-9876,1,154
02/05/2015 12:28:24,FGH-9876,1,51
02/05/2015 12:28:25,FGH-9876,1,82
02/05/2015 12:28:26,FGH-9876,1,159
02/05/2015 12:28:27,FGH-9876,1,55
02/05/2015 12:28:28,FGH-9876,1,16
02/05/2015 12:28:29,FGH-9876,1,93
02/05/2015 12:28:30,FGH-9876,1,169
02/05/2015 12:28:31,FGH-9876,1,66
02/05/2015 12:28:32,FGH-9876,1,142
02/05/2015 12:28:34,FGH-9876,1,93
02/05/2015 12:28:35,FGH-9876,1,170
02/05/2015 12:28:36,FGH-9876,1,121
02/05/2015 12:28:37,FGH-9876,1,18
02/05/2015 12:28:38,FGH-9876,1,94
02/05/2015 12:28:39,FGH-9876,1,170
02/05/2015 12:28:40,FGH-9876,1,131
02/05/2015 12:28:41,FGH-9876,1,28
02/05/2015 12:28:42,FGH-9876,1,69
02/05/2015 12:28:44,FGH-9876,1,74
02/05/2015 12:28:45,FGH-9876,1,151
02/05/2015 12:28:45,FGH-9876,1,47
02/05/2015 12:28:47,FGH-9876,1,128
02/05/2015 12:28:48,FGH-9876,1,139
02/05/2015 12:28:49,FGH-9876,1,36
02/05/2015 12:28:50,FGH-9876,1,51
02/05/2015 12:28:51,FGH-9876,1,128
02/05/2015 12:28:52,FGH-9876,1,69
02/05/2015 12:28:54,FGH-9876,1,120
02/05/2015 12:28:55,FGH-9876,1,16
02/05/2015 12:28:55,FGH-9876,1,93
02/05/2015 12:28:57,FGH-9876,1,74
02/05/2015 12:28:58,FGH-9876,1,150
02/05/2015 12:28:59,FGH-9876,1,47
02/05/2015 12:29:00,FGH-9876,1,123
02/05/2015 12:29:01,FGH-9876,1,20
02/05/2015 12:29:02,FGH-9876,1,61
02/05/2015 12:29:03,FGH-9876,1,82
02/05/2015 12:29:04,FGH-9876,1,37
02/05/2015 12:29:05,FGH-9876,1,113
02/05/2015 12:29:06,FGH-9876,1,161
02/05/2015 12:29:07,FGH-9876,1,57
02/05/2015 12:29:09,FGH-9876,1,127
02/05/2015 12:29:10,FGH-9876,1,24
02/05/2015 12:29:11,FGH-9876,1,101
02/05/2015 12:29:12,FGH-9876,1,177
02/05/2015 12:29:13,FGH-9876,1,138
02/05/2015 12:29:14,FGH-9876,1,179
02/05/2015 12:29:15,FGH-9876,1,20
02/05/2015 12:29:16,FGH-9876,1,97
02/05/2015 12:29:17,FGH-9876,1,58
02/05/2015 12:29:18,FGH-9876,1,135
02/05/2015 12:29:19,FGH-9876,1,31
02/05/2015 12:29:20,FGH-9876,1,137
02/05/2015 12:29:21,FGH-9876,1,33
02/05/2015 12:29:23,FGH-9876,1,58
02/05/2015 12:29:24,FGH-9876,1,80
02/05/2015 12:29:25,FGH-9876,1,15
02/05/2015 12:29:26,FGH-9876,1,72
02/05/2015 12:29:27,FGH-9876,1,148
02/05/2015 12:29:28,FGH-9876,1,109
02/05/2015 12:29:29,FGH-9876,1,6
02/05/2015 12:29:30,FGH-9876,1,118
02/05/2015 12:29:31,FGH-9876,1,14
02/05/2015 12:29:32,FGH-9876,1,75
02/05/2015 12:29:33,FGH-9876,1,152
02/05/2015 12:29:35,FGH-9876,1,3
02/05/2015 12:29:36,FGH-9876,1,80
02/05/2015 12:29:37,FGH-9876,1,11
02/05/2015 12:29:38,FGH-9876,1,88
02/05/2015 12:29:39,FGH-9876,1,84
02/05/2015 12:29:40,FGH-9876,1,161
02/05/2015 12:29:41,FGH-9876,1,57
02/05/2015 12:29:42,FGH-9876,1,134
02/05/2015 12:29:43,FGH-9876,1,85
02/05/2015 12:29:44,FGH-9876,1,161
02/05/2015 12:29:45,FGH-9876,1,58
02/05/2015 12:29:46,FGH-9876,1,135
02/05/2015 12:29:47,FGH-9876,1,31
02/05/2015 12:29:48,FGH-9876,1,108
02/05/2015 12:29:49,FGH-9876,1,129
02/05/2015 12:29:50,FGH-9876,1,164
02/05/2015 12:29:51,FGH-9876,1,61
02/05/2015 12:29:52,FGH-9876,1,2
02/05/2015 12:29:53,FGH-9876,1,78
02/05/2015 12:29:54,FGH-9876,1,155
02/05/2015 12:29:55,FGH-9876,1,52
02/05/2015 12:29:56,FGH-9876,1,128
02/05/2015 12:29:57,FGH-9876,1,25
02/05/2015 12:29:59,FGH-9876,1,165
02/05/2015 12:30:00,FGH-9876,1,120
02/05/2015 12:30:01,FGH-9876,1,22
02/05/2015 12:30:02,FGH-9876,1,99
02/05/2015 12:30:03,FGH-9876,1,125
02/05/2015 12:30:04,FGH-9876,1,31
02/05/2015 12:30:05,FGH-9876,1,107
02/05/2015 12:30:06,FGH-9876,1,4
02/05/2015 12:30:07,FGH-9876,1,80
02/05/2015 12:30:08,FGH-9876,1,157
02/05/2015 12:30:09,FGH-9876,1,88
02/05/2015 12:30:11,FGH-9876,1,75
02/05/2015 12:30:12,FGH-9876,1,126
02/05/2015 12:30:13,FGH-9876,1,106
02/05/2015 12:30:14,FGH-9876,1,3
02/05/2015 12:30:15,FGH-9876,1,79
02/05/2015 12:30:16,FGH-9876,1,156
02/05/2015 12:30:17,FGH-9876,1,52
02/05/2015 12:30:18,FGH-9876,1,54
02/05/2015 12:30:19,FGH-9876,1,125
02/05/2015 12:30:20,FGH-9876,1,21
02/05/2015 12:30:21,FGH-9876,1,98
02/05/2015 12:30:22,FGH-9876,1,174
02/05/2015 12:30:23,FGH-9876,1,80
02/05/2015 12:30:24,FGH-9876,1,67
02/05/2015 12:30:26,FGH-9876,1,143
02/05/2015 12:30:27,FGH-9876,1,40
02/05/2015 12:30:28,FGH-9876,1,116
02/05/2015 12:30:29,FGH-9876,1,177
02/05/2015 12:30:30,FGH-9876,1,118
02/05/2015 12:30:31,FGH-9876,1,15
02/05/2015 12:30:32,FGH-9876,1,91
02/05/2015 12:30:33,FGH-9876,1,168
02/05/2015 12:30:34,FGH-9876,1,64
02/05/2015 12:30:35,FGH-9876,1,141
02/05/2015 12:30:36,FGH-9876,1,38
02/05/2015 12:30:37,FGH-9876,1,114
02/05/2015 12:30:38,FGH-9876,1,11
02/05/2015 12:30:39,FGH-9876,1,161
02/05/2015 12:30:40,FGH-9876,1,22
02/05/2015 12:30:41,FGH-9876,1,137
02/05/2015 12:30:42,FGH-9876,1,34
02/05/2015 12:30:43,FGH-9876,1,111
02/05/2015 12:30:44,FGH-9876,1,7
02/05/2015 12:30:46,FGH-9876,1,93
02/05/2015 12:30:47,FGH-9876,1,134
02/05/2015 12:30:48,FGH-9876,1,30
02/05/2015 12:30:49,FGH-9876,1,17
02/05/2015 12:30:50,FGH-9876,1,167
02/05/2015 12:30:52,FGH-9876,1,103
02/05/2015 12:30:53,FGH-9876,1,70
02/05/2015 12:30:54,FGH-9876,1,56
02/05/2015 12:30:55,FGH-9876,1,62
02/05/2015 12:30:56,FGH-9876,1,138
02/05/2015 12:30:57,FGH-9876,1,89
02/05/2015 12:30:58,FGH-9876,1,166
02/05/2015 12:30:59,FGH-9876,1,62
02/05/2015 12:31:00,FGH-9876,1,139
02/05/2015 12:31:01,FGH-9876,1,94
02/05/2015 12:31:04,FGH-9876,1,76
02/05/2015 12:31:03,FGH-9876,1,0
02/05/2015 12:31:05,FGH-9876,1,82
02/05/2015 12:31:06,FGH-9876,1,133
02/05/2015 12:31:07,FGH-9876,1,9
02/05/2015 12:31:08,FGH-9876,1,125
02/05/2015 12:31:09,FGH-9876,1,21
02/05/2015 12:31:10,FGH-9876,1,98
02/05/2015 12:31:11,FGH-9876,1,145
02/05/2015 12:31:12,FGH-9876,1,42
02/05/2015 12:31:14,FGH-9876,1,38
02/05/2015 12:31:15,FGH-9876,1,44
02/05/2015 12:31:16,FGH-9876,1,120
02/05/2015 12:31:17,FGH-9876,1,171
02/05/2015 12:31:18,FGH-9876,1,7
02/05/2015 12:31:19,FGH-9876,1,83
02/05/2015 12:31:20,FGH-9876,1,160
02/05/2015 12:31:21,FGH-9876,1,31
02/05/2015 12:31:22,FGH-9876,1,107
02/05/2015 12:31:23,FGH-9876,1,4
02/05/2015 12:31:24,FGH-9876,1,80
02/05/2015 12:31:26,FGH-9876,1,66
02/05/2015 12:31:27,FGH-9876,1,142
02/05/2015 12:31:28,FGH-9876,1,39
02/05/2015 12:31:29,FGH-9876,1,116
02/05/2015 12:31:30,FGH-9876,1,12
02/05/2015 12:31:31,FGH-9876,1,89
02/05/2015 12:31:32,FGH-9876,1,98
02/05/2015 12:31:33,FGH-9876,1,155
02/05/2015 12:31:35,FGH-9876,1,90
02/05/2015 12:31:36,FGH-9876,1,106
02/05/2015 12:31:37,FGH-9876,1,2
02/05/2015 12:31:38,FGH-9876,1,43
02/05/2015 12:31:39,FGH-9876,1,120
02/05/2015 12:31:40,FGH-9876,1,16
02/05/2015 12:31:41,FGH-9876,1,92
02/05/2015 12:31:42,FGH-9876,1,169
02/05/2015 12:31:43,FGH-9876,1,40
02/05/2015 12:31:44,FGH-9876,1,116
02/05/2015 12:31:45,FGH-9876,1,13
02/05/2015 12:31:46,FGH-9876,1,89
02/05/2015 12:31:47,FGH-9876,1,166
02/05/2015 12:31:49,FGH-9876,1,136
02/05/2015 12:31:51,FGH-9876,1,110
02/05/2015 12:31:50,FGH-9876,1,33
02/05/2015 12:31:52,FGH-9876,1,16
02/05/2015 12:31:53,FGH-9876,1,92
02/05/2015 12:31:54,FGH-9876,1,169
02/05/2015 12:31:55,FGH-9876,1,65
02/05/2015 12:31:56,FGH-9876,1,142
02/05/2015 12:31:57,FGH-9876,1,38
02/05/2015 12:31:58,FGH-9876,1,115
02/05/2015 12:31:59,FGH-9876,1,11
02/05/2015 12:32:00,FGH-9876,1,43
02/05/2015 12:32:01,FGH-9876,1,119
02/05/2015 12:32:02,FGH-9876,1,155
02/05/2015 12:32:03,FGH-9876,1,51
02/05/2015 12:32:04,FGH-9876,1,128
02/05/2015 12:32:05,FGH-9876,1,24
02/05/2015 12:32:06,FGH-9876,1,101
02/05/2015 12:32:07,FGH-9876,1,177
02/05/2015 12:32:08,FGH-9876,1,74
02/05/2015 12:32:09,FGH-9876,1,150
02/05/2015 12:32:10,FGH-9876,1,47
02/05/2015 12:32:11,FGH-9876,1,94
02/05/2015 12:32:12,FGH-9876,1,84
02/05/2015 12:32:14,FGH-9876,1,170
02/05/2015 12:32:15,FGH-9876,1,137
02/05/2015 12:32:16,FGH-9876,1,33
02/05/2015 12:32:17,FGH-9876,1,110
02/05/2015 12:32:18,FGH-9876,1,7
02/05/2015 12:32:19,FGH-9876,1,83
02/05/2015 12:32:20,FGH-9876,1,160
02/05/2015 12:32:21,FGH-9876,1,56
02/05/2015 12:32:22,FGH-9876,1,133
02/05/2015 12:32:23,FGH-9876,1,29
02/05/2015 12:32:24,FGH-9876,1,0
02/05/2015 12:32:25,FGH-9876,1,51
02/05/2015 12:32:26,FGH-9876,1,147
02/05/2015 12:32:27,FGH-9876,1,53
02/05/2015 12:32:28,FGH-9876,1,129
02/05/2015 12:32:30,FGH-9876,1,106
02/05/2015 12:32:31,FGH-9876,1,2
02/05/2015 12:32:32,FGH-9876,1,137
02/05/2015 12:32:33,FGH-9876,1,13
02/05/2015 12:32:34,FGH-9876,1,90
02/05/2015 12:32:35,FGH-9876,1,96
02/05/2015 12:32:36,FGH-9876,1,172
02/05/2015 12:32:37,FGH-9876,1,69
02/05/2015 12:32:38,FGH-9876,1,145
02/05/2015 12:32:39,FGH-9876,1,42
02/05/2015 12:32:40,FGH-9876,1,119
02/05/2015 12:32:41,FGH-9876,1,15
02/05/2015 12:32:42,FGH-9876,1,92
02/05/2015 12:32:43,FGH-9876,1,168
02/05/2015 12:32:45,FGH-9876,1,168
02/05/2015 12:32:46,FGH-9876,1,65
02/05/2015 12:32:47,FGH-9876,1,141
02/05/2015 12:32:48,FGH-9876,1,38
02/05/2015 12:32:49,FGH-9876,1,114
02/05/2015 12:32:50,FGH-9876,1,11
02/05/2015 12:32:51,FGH-9876,1,88
02/05/2015 12:32:52,FGH-9876,1,164
02/05/2015 12:32:53,FGH-9876,1,96
02/05/2015 12:32:54,FGH-9876,1,72
02/05/2015 12:32:55,FGH-9876,1,7
02/05/2015 12:32:56,FGH-9876,1,83
02/05/2015 12:32:57,FGH-9876,1,160
02/05/2015 12:32:59,FGH-9876,1,166
02/05/2015 12:33:00,FGH-9876,1,62
02/05/2015 12:33:01,FGH-9876,1,133
02/05/2015 12:33:02,FGH-9876,1,29
02/05/2015 12:33:03,FGH-9876,1,106
02/05/2015 12:33:04,FGH-9876,1,2
02/05/2015 12:33:05,FGH-9876,1,178
02/05/2015 12:33:06,FGH-9876,1,104
02/05/2015 12:33:07,FGH-9876,1,0
02/05/2015 12:33:09,FGH-9876,1,160
02/05/2015 12:33:10,FGH-9876,1,57
02/05/2015 12:33:11,FGH-9876,1,104
02/05/2015 12:33:12,FGH-9876,1,1
02/05/2015 12:33:13,FGH-9876,1,77
02/05/2015 12:33:14,FGH-9876,1,154
02/05/2015 12:33:15,FGH-9876,1,50
02/05/2015 12:33:16,FGH-9876,1,127
02/05/2015 12:33:17,FGH-9876,1,17
02/05/2015 12:33:18,FGH-9876,1,123
02/05/2015 12:33:19,FGH-9876,1,19
02/05/2015 12:33:21,FGH-9876,1,170
02/05/2015 12:33:22,FGH-9876,1,66
02/05/2015 12:33:23,FGH-9876,1,143
02/05/2015 12:33:24,FGH-9876,1,39
02/05/2015 12:33:25,FGH-9876,1,116
02/05/2015 12:33:26,FGH-9876,1,12
02/05/2015 12:33:27,FGH-9876,1,89
02/05/2015 12:33:28,FGH-9876,1,166
02/05/2015 12:33:29,FGH-9876,1,62
02/05/2015 12:33:30,FGH-9876,1,139
02/05/2015 12:33:31,FGH-9876,1,35
02/05/2015 12:33:32,FGH-9876,1,82
02/05/2015 12:33:33,FGH-9876,1,159
02/05/2015 12:33:34,FGH-9876,1,4
02/05/2015 12:33:35,FGH-9876,1,170
02/05/2015 12:33:36,FGH-9876,1,41
02/05/2015 12:33:38,FGH-9876,1,37
02/05/2015 12:33:39,FGH-9876,1,107
02/05/2015 12:33:40,FGH-9876,1,68
02/05/2015 12:33:41,FGH-9876,1,145
02/05/2015 12:33:42,FGH-9876,1,41
02/05/2015 12:33:43,FGH-9876,1,118
02/05/2015 12:33:44,FGH-9876,1,165
02/05/2015 12:33:45,FGH-9876,1,62
02/05/2015 12:33:46,FGH-9876,1,87
02/05/2015 12:33:47,FGH-9876,1,164
02/05/2015 12:33:48,FGH-9876,1,86
02/05/2015 12:33:49,FGH-9876,1,162
02/05/2015 12:33:50,FGH-9876,1,59
02/05/2015 12:33:51,FGH-9876,1,135
02/05/2015 12:33:52,FGH-9876,1,32
02/05/2015 12:33:53,FGH-9876,1,108
02/05/2015 12:33:54,FGH-9876,1,69
02/05/2015 12:33:56,FGH-9876,1,139
02/05/2015 12:33:57,FGH-9876,1,36
02/05/2015 12:33:58,FGH-9876,1,61
02/05/2015 12:33:59,FGH-9876,1,137
02/05/2015 12:34:00,FGH-9876,1,34
02/05/2015 12:34:01,FGH-9876,1,81
02/05/2015 12:34:02,FGH-9876,1,158
02/05/2015 12:34:03,FGH-9876,1,3
02/05/2015 12:34:04,FGH-9876,1,160
02/05/2015 12:34:06,FGH-9876,1,50
02/05/2015 12:34:07,FGH-9876,1,20
02/05/2015 12:34:08,FGH-9876,1,97
02/05/2015 12:34:09,FGH-9876,1,48
02/05/2015 12:34:10,FGH-9876,1,125
02/05/2015 12:34:11,FGH-9876,1,11
02/05/2015 12:34:12,FGH-9876,1,88
02/05/2015 12:34:13,FGH-9876,1,74
02/05/2015 12:34:14,FGH-9876,1,151
02/05/2015 12:34:15,FGH-9876,1,67
02/05/2015 12:34:16,FGH-9876,1,143
02/05/2015 12:34:17,FGH-9876,1,40
02/05/2015 12:34:18,FGH-9876,1,116
02/05/2015 12:34:19,FGH-9876,1,13
02/05/2015 12:34:20,FGH-9876,1,89
02/05/2015 12:34:21,FGH-9876,1,40
02/05/2015 12:34:23,FGH-9876,1,146
02/05/2015 12:34:24,FGH-9876,1,32
02/05/2015 12:34:25,FGH-9876,1,38
02/05/2015 12:34:26,FGH-9876,1,115
02/05/2015 12:34:27,FGH-9876,1,176
02/05/2015 12:34:28,FGH-9876,1,72
02/05/2015 12:34:29,FGH-9876,1,68
02/05/2015 12:34:30,FGH-9876,1,145
02/05/2015 12:34:31,FGH-9876,1,86
02/05/2015 12:34:33,FGH-9876,1,156
02/05/2015 12:34:34,FGH-9876,1,53
02/05/2015 12:34:35,FGH-9876,1,129
02/05/2015 12:34:36,FGH-9876,1,26
02/05/2015 12:34:37,FGH-9876,1,103
02/05/2015 12:34:38,FGH-9876,1,179
02/05/2015 12:34:39,FGH-9876,1,76
02/05/2015 12:34:40,FGH-9876,1,123
02/05/2015 12:34:41,FGH-9876,1,19
02/05/2015 12:34:42,FGH-9876,1,96
02/05/2015 12:34:43,FGH-9876,1,172
02/05/2015 12:34:44,FGH-9876,1,69
02/05/2015 12:34:45,FGH-9876,1,146
02/05/2015 12:34:46,FGH-9876,1,161
02/05/2015 12:34:47,FGH-9876,1,58
02/05/2015 12:34:48,FGH-9876,1,25
02/05/2015 12:34:49,FGH-9876,1,105
02/05/2015 12:34:50,FGH-9876,1,1
02/05/2015 12:34:51,FGH-9876,1,133
02/05/2015 12:34:52,FGH-9876,1,29
02/05/2015 12:34:53,FGH-9876,1,106
02/05/2015 12:34:54,FGH-9876,1,2
02/05/2015 12:34:55,FGH-9876,1,79
02/05/2015 12:34:56,FGH-9876,1,155
02/05/2015 12:34:57,FGH-9876,1,52
02/05/2015 12:34:58,FGH-9876,1,12
02/05/2015 12:35:00,FGH-9876,1,18
02/05/2015 12:35:01,FGH-9876,1,40
02/05/2015 12:35:02,FGH-9876,1,110
02/05/2015 12:35:03,FGH-9876,1,6
02/05/2015 12:35:04,FGH-9876,1,128
02/05/2015 12:35:06,FGH-9876,1,133
02/05/2015 12:35:07,FGH-9876,1,30
02/05/2015 12:35:08,FGH-9876,1,106
02/05/2015 12:35:09,FGH-9876,1,3
02/05/2015 12:35:10,FGH-9876,1,79
02/05/2015 12:35:11,FGH-9876,1,156
02/05/2015 12:35:12,FGH-9876,1,53
02/05/2015 12:35:13,FGH-9876,1,129
02/05/2015 12:35:14,FGH-9876,1,26
02/05/2015 12:35:15,FGH-9876,1,102
02/05/2015 12:35:16,FGH-9876,1,179
02/05/2015 12:35:17,FGH-9876,1,75
02/05/2015 12:35:18,FGH-9876,1,152
02/05/2015 12:35:19,FGH-9876,1,48
02/05/2015 12:35:20,FGH-9876,1,125
02/05/2015 12:35:21,FGH-9876,1,86
02/05/2015 12:35:22,FGH-9876,1,163
02/05/2015 12:35:23,FGH-9876,1,114
02/05/2015 12:35:24,FGH-9876,1,39
02/05/2015 12:35:25,FGH-9876,1,141
02/05/2015 12:35:26,FGH-9876,1,122
02/05/2015 12:35:27,FGH-9876,1,18
02/05/2015 12:35:29,FGH-9876,1,159
02/05/2015 12:35:30,FGH-9876,1,55
02/05/2015 12:35:31,FGH-9876,1,6
02/05/2015 12:35:32,FGH-9876,1,83
02/05/2015 12:35:33,FGH-9876,1,159
02/05/2015 12:35:34,FGH-9876,1,126
02/05/2015 12:35:35,FGH-9876,1,23
02/05/2015 12:35:36,FGH-9876,1,99
02/05/2015 12:35:37,FGH-9876,1,54
02/05/2015 12:35:38,FGH-9876,1,111
02/05/2015 12:35:39,FGH-9876,1,7
02/05/2015 12:35:41,FGH-9876,1,177
02/05/2015 12:35:42,FGH-9876,1,74
02/05/2015 12:35:43,FGH-9876,1,150
02/05/2015 12:35:44,FGH-9876,1,47
02/05/2015 12:35:45,FGH-9876,1,124
02/05/2015 12:35:46,FGH-9876,1,20
02/05/2015 12:35:47,FGH-9876,1,97
02/05/2015 12:35:48,FGH-9876,1,173
02/05/2015 12:35:49,FGH-9876,1,70
02/05/2015 12:35:50,FGH-9876,1,146
02/05/2015 12:35:51,FGH-9876,1,171
02/05/2015 12:35:52,FGH-9876,1,68
02/05/2015 12:35:53,FGH-9876,1,145
02/05/2015 12:35:54,FGH-9876,1,41
02/05/2015 12:35:55,FGH-9876,1,118
02/05/2015 12:35:56,FGH-9876,1,14
02/05/2015 12:35:57,FGH-9876,1,91
02/05/2015 12:35:58,FGH-9876,1,102
02/05/2015 12:35:59,FGH-9876,1,179
02/05/2015 12:36:00,FGH-9876,1,130
02/05/2015 12:36:01,FGH-9876,1,26
02/05/2015 12:36:03,FGH-9876,1,142
02/05/2015 12:36:04,FGH-9876,1,38
02/05/2015 12:36:05,FGH-9876,1,8
02/05/2015 12:36:06,FGH-9876,1,114
02/05/2015 12:36:07,FGH-9876,1,10
02/05/2015 12:36:09,FGH-9876,1,16
02/05/2015 12:36:10,FGH-9876,1,93
02/05/2015 12:36:11,FGH-9876,1,169
02/05/2015 12:36:12,FGH-9876,1,159
02/05/2015 12:36:13,FGH-9876,1,110
02/05/2015 12:36:14,FGH-9876,1,7
02/05/2015 12:36:15,FGH-9876,1,28
02/05/2015 12:36:17,FGH-9876,1,114
02/05/2015 12:36:18,FGH-9876,1,120
02/05/2015 12:36:19,FGH-9876,1,71
02/05/2015 12:36:20,FGH-9876,1,148
02/05/2015 12:36:21,FGH-9876,1,79
02/05/2015 12:36:22,FGH-9876,1,156
02/05/2015 12:36:23,FGH-9876,1,72
02/05/2015 12:36:24,FGH-9876,1,177
02/05/2015 12:36:25,FGH-9876,1,74
02/05/2015 12:36:26,FGH-9876,1,150
02/05/2015 12:36:27,FGH-9876,1,47
02/05/2015 12:36:29,FGH-9876,1,117
02/05/2015 12:36:30,FGH-9876,1,14
02/05/2015 12:36:31,FGH-9876,1,90
02/05/2015 12:36:32,FGH-9876,1,131
02/05/2015 12:36:33,FGH-9876,1,28
02/05/2015 12:36:34,FGH-9876,1,104
02/05/2015 12:36:35,FGH-9876,1,164
02/05/2015 12:36:36,FGH-9876,1,61
02/05/2015 12:36:37,FGH-9876,1,138
02/05/2015 12:36:38,FGH-9876,1,34
02/05/2015 12:36:39,FGH-9876,1,111
02/05/2015 12:36:40,FGH-9876,1,7
02/05/2015 12:36:41,FGH-9876,1,84
02/05/2015 12:36:42,FGH-9876,1,160
02/05/2015 12:36:44,FGH-9876,1,86
02/05/2015 12:36:45,FGH-9876,1,82
02/05/2015 12:36:46,FGH-9876,1,133
02/05/2015 12:36:47,FGH-9876,1,29
02/05/2015 12:36:48,FGH-9876,1,115
02/05/2015 12:36:49,FGH-9876,1,12
02/05/2015 12:36:50,FGH-9876,1,89
02/05/2015 12:36:51,FGH-9876,1,165
02/05/2015 12:36:52,FGH-9876,1,62
02/05/2015 12:36:53,FGH-9876,1,109
02/05/2015 12:36:54,FGH-9876,1,114
02/05/2015 12:36:55,FGH-9876,1,11
02/05/2015 12:36:56,FGH-9876,1,88
02/05/2015 12:36:57,FGH-9876,1,84
02/05/2015 12:36:59,FGH-9876,1,154
02/05/2015 12:37:00,FGH-9876,1,21
02/05/2015 12:37:01,FGH-9876,1,98
02/05/2015 12:37:02,FGH-9876,1,174
02/05/2015 12:37:03,FGH-9876,1,71
02/05/2015 12:37:04,FGH-9876,1,67
02/05/2015 12:37:05,FGH-9876,1,92
02/05/2015 12:37:06,FGH-9876,1,63
02/05/2015 12:37:07,FGH-9876,1,168
02/05/2015 12:37:08,FGH-9876,1,65
02/05/2015 12:37:10,FGH-9876,1,16
02/05/2015 12:37:11,FGH-9876,1,93
02/05/2015 12:37:12,FGH-9876,1,94
02/05/2015 12:37:13,FGH-9876,1,4
02/05/2015 12:37:14,FGH-9876,1,90
02/05/2015 12:37:16,FGH-9876,1,160
02/05/2015 12:37:17,FGH-9876,1,166
02/05/2015 12:37:18,FGH-9876,1,63
02/05/2015 12:37:19,FGH-9876,1,139
02/05/2015 12:37:20,FGH-9876,1,6
02/05/2015 12:37:21,FGH-9876,1,83
02/05/2015 12:37:22,FGH-9876,1,8
02/05/2015 12:37:23,FGH-9876,1,94
02/05/2015 12:37:24,FGH-9876,1,171
02/05/2015 12:37:25,FGH-9876,1,67
02/05/2015 12:37:26,FGH-9876,1,144
02/05/2015 12:37:27,FGH-9876,1,41
02/05/2015 12:37:28,FGH-9876,1,117
02/05/2015 12:37:30,FGH-9876,1,107
02/05/2015 12:37:31,FGH-9876,1,154
02/05/2015 12:37:32,FGH-9876,1,44
02/05/2015 12:37:33,FGH-9876,1,115
02/05/2015 12:37:34,FGH-9876,1,11
02/05/2015 12:37:35,FGH-9876,1,88
02/05/2015 12:37:36,FGH-9876,1,90
02/05/2015 12:37:38,FGH-9876,1,15
02/05/2015 12:37:39,FGH-9876,1,131
02/05/2015 12:37:40,FGH-9876,1,107
02/05/2015 12:37:41,FGH-9876,1,3
02/05/2015 12:37:42,FGH-9876,1,0
02/05/2015 12:37:43,FGH-9876,1,76
02/05/2015 12:37:44,FGH-9876,1,172
02/05/2015 12:37:45,FGH-9876,1,68
02/05/2015 12:37:46,FGH-9876,1,145
02/05/2015 12:37:47,FGH-9876,1,41
02/05/2015 12:37:48,FGH-9876,1,118
02/05/2015 12:37:49,FGH-9876,1,14
02/05/2015 12:37:50,FGH-9876,1,91
02/05/2015 12:37:51,FGH-9876,1,168
02/05/2015 12:37:52,FGH-9876,1,129
02/05/2015 12:37:54,FGH-9876,1,19
02/05/2015 12:37:55,FGH-9876,1,96
02/05/2015 12:37:56,FGH-9876,1,172
02/05/2015 12:37:57,FGH-9876,1,43
02/05/2015 12:37:58,FGH-9876,1,84
02/05/2015 12:37:59,FGH-9876,1,160
02/05/2015 12:38:00,FGH-9876,1,21
02/05/2015 12:38:02,FGH-9876,1,142
02/05/2015 12:38:03,FGH-9876,1,39
02/05/2015 12:38:04,FGH-9876,1,170
02/05/2015 12:38:05,FGH-9876,1,67
02/05/2015 12:38:06,FGH-9876,1,143
02/05/2015 12:38:07,FGH-9876,1,40
02/05/2015 12:38:08,FGH-9876,1,116
02/05/2015 12:38:09,FGH-9876,1,13
02/05/2015 12:38:10,FGH-9876,1,89
02/05/2015 12:38:11,FGH-9876,1,114
02/05/2015 12:38:12,FGH-9876,1,11
02/05/2015 12:38:13,FGH-9876,1,88
02/05/2015 12:38:14,FGH-9876,1,164
02/05/2015 12:38:15,FGH-9876,1,16
02/05/2015 12:38:17,FGH-9876,1,121
02/05/2015 12:38:18,FGH-9876,1,72
02/05/2015 12:38:19,FGH-9876,1,107
02/05/2015 12:38:20,FGH-9876,1,58
02/05/2015 12:38:21,FGH-9876,1,115
02/05/2015 12:38:23,FGH-9876,1,25
02/05/2015 12:38:24,FGH-9876,1,101
02/05/2015 12:38:25,FGH-9876,1,178
02/05/2015 12:38:26,FGH-9876,1,109
02/05/2015 12:38:27,FGH-9876,1,25
02/05/2015 12:38:28,FGH-9876,1,102
02/05/2015 12:38:29,FGH-9876,1,179
02/05/2015 12:38:30,FGH-9876,1,75
02/05/2015 12:38:31,FGH-9876,1,152
02/05/2015 12:38:32,FGH-9876,1,3
02/05/2015 12:38:33,FGH-9876,1,80
02/05/2015 12:38:34,FGH-9876,1,156
02/05/2015 12:38:35,FGH-9876,1,53
02/05/2015 12:38:36,FGH-9876,1,129
02/05/2015 12:38:37,FGH-9876,1,26
02/05/2015 12:38:38,FGH-9876,1,147
02/05/2015 12:38:39,FGH-9876,1,43
02/05/2015 12:38:40,FGH-9876,1,120
02/05/2015 12:38:41,FGH-9876,1,17
02/05/2015 12:38:42,FGH-9876,1,93
02/05/2015 12:38:43,FGH-9876,1,19
02/05/2015 12:38:45,FGH-9876,1,134
02/05/2015 12:38:46,FGH-9876,1,11
02/05/2015 12:38:47,FGH-9876,1,126
02/05/2015 12:38:48,FGH-9876,1,22
02/05/2015 12:38:49,FGH-9876,1,99
02/05/2015 12:38:50,FGH-9876,1,176
02/05/2015 12:38:51,FGH-9876,1,1
02/05/2015 12:38:52,FGH-9876,1,78
02/05/2015 12:38:53,FGH-9876,1,154
02/05/2015 12:38:54,FGH-9876,1,51
02/05/2015 12:38:55,FGH-9876,1,18
02/05/2015 12:38:56,FGH-9876,1,178
02/05/2015 12:38:57,FGH-9876,1,75
02/05/2015 12:38:58,FGH-9876,1,151
02/05/2015 12:38:59,FGH-9876,1,48
02/05/2015 12:39:00,FGH-9876,1,125
02/05/2015 12:39:02,FGH-9876,1,66
02/05/2015 12:39:03,FGH-9876,1,142
02/05/2015 12:39:04,FGH-9876,1,33
02/05/2015 12:39:05,FGH-9876,1,83
02/05/2015 12:39:06,FGH-9876,1,144
02/05/2015 12:39:08,FGH-9876,1,75
02/05/2015 12:39:09,FGH-9876,1,126
02/05/2015 12:39:10,FGH-9876,1,57
02/05/2015 12:39:11,FGH-9876,1,108
02/05/2015 12:39:12,FGH-9876,1,14
02/05/2015 12:39:14,FGH-9876,1,49
02/05/2015 12:39:15,FGH-9876,1,126
02/05/2015 12:39:16,FGH-9876,1,102
02/05/2015 12:39:17,FGH-9876,1,102
02/05/2015 12:39:18,FGH-9876,1,63
02/05/2015 12:39:20,FGH-9876,1,168
02/05/2015 12:39:21,FGH-9876,1,65
02/05/2015 12:39:22,FGH-9876,1,76
02/05/2015 12:39:23,FGH-9876,1,153
02/05/2015 12:39:24,FGH-9876,1,49
02/05/2015 12:39:25,FGH-9876,1,126
02/05/2015 12:39:26,FGH-9876,1,22
02/05/2015 12:39:27,FGH-9876,1,99
02/05/2015 12:39:28,FGH-9876,1,175
02/05/2015 12:39:29,FGH-9876,1,91
02/05/2015 12:39:30,FGH-9876,1,168
02/05/2015 12:39:31,FGH-9876,1,64
02/05/2015 12:39:32,FGH-9876,1,141
02/05/2015 12:39:33,FGH-9876,1,38
02/05/2015 12:39:34,FGH-9876,1,114
02/05/2015 12:39:35,FGH-9876,1,65
02/05/2015 12:39:36,FGH-9876,1,142
02/05/2015 12:39:37,FGH-9876,1,38
02/05/2015 12:39:38,FGH-9876,1,115
02/05/2015 12:39:39,FGH-9876,1,95
02/05/2015 12:39:40,FGH-9876,1,172
02/05/2015 12:39:41,FGH-9876,1,69
02/05/2015 12:39:42,FGH-9876,1,145
02/05/2015 12:39:43,FGH-9876,1,77
02/05/2015 12:39:44,FGH-9876,1,153
02/05/2015 12:39:45,FGH-9876,1,104
02/05/2015 12:39:47,FGH-9876,1,0
02/05/2015 12:39:48,FGH-9876,1,77
02/05/2015 12:39:49,FGH-9876,1,32
02/05/2015 12:39:50,FGH-9876,1,163
02/05/2015 12:39:51,FGH-9876,1,24
02/05/2015 12:39:53,FGH-9876,1,110
02/05/2015 12:39:54,FGH-9876,1,106
02/05/2015 12:39:55,FGH-9876,1,3
02/05/2015 12:39:56,FGH-9876,1,159
02/05/2015 12:39:57,FGH-9876,1,55
02/05/2015 12:39:58,FGH-9876,1,132
02/05/2015 12:39:59,FGH-9876,1,29
02/05/2015 12:40:00,FGH-9876,1,105
02/05/2015 12:40:01,FGH-9876,1,2
02/05/2015 12:40:02,FGH-9876,1,78
02/05/2015 12:40:03,FGH-9876,1,155
02/05/2015 12:40:04,FGH-9876,1,51
02/05/2015 12:40:05,FGH-9876,1,128
02/05/2015 12:40:06,FGH-9876,1,28
02/05/2015 12:40:07,FGH-9876,1,105
02/05/2015 12:40:08,FGH-9876,1,1
02/05/2015 12:40:09,FGH-9876,1,78
02/05/2015 12:40:10,FGH-9876,1,3
02/05/2015 12:40:12,FGH-9876,1,44
02/05/2015 12:40:13,FGH-9876,1,150
02/05/2015 12:40:14,FGH-9876,1,101
02/05/2015 12:40:15,FGH-9876,1,177
02/05/2015 12:40:16,FGH-9876,1,44
02/05/2015 12:40:17,FGH-9876,1,121
02/05/2015 12:40:18,FGH-9876,1,152
02/05/2015 12:40:19,FGH-9876,1,158
02/05/2015 12:40:21,FGH-9876,1,139
02/05/2015 12:40:22,FGH-9876,1,179
02/05/2015 12:40:23,FGH-9876,1,76
02/05/2015 12:40:24,FGH-9876,1,152
02/05/2015 12:40:25,FGH-9876,1,114
02/05/2015 12:40:26,FGH-9876,1,154
02/05/2015 12:40:27,FGH-9876,1,51
02/05/2015 12:40:28,FGH-9876,1,128
02/05/2015 12:40:29,FGH-9876,1,18
02/05/2015 12:40:30,FGH-9876,1,94
02/05/2015 12:40:31,FGH-9876,1,171
02/05/2015 12:40:32,FGH-9876,1,103
02/05/2015 12:40:33,FGH-9876,1,179
02/05/2015 12:40:34,FGH-9876,1,76
02/05/2015 12:40:36,FGH-9876,1,1
02/05/2015 12:40:37,FGH-9876,1,87
02/05/2015 12:40:38,FGH-9876,1,19
02/05/2015 12:40:39,FGH-9876,1,150
02/05/2015 12:40:40,FGH-9876,1,47
02/05/2015 12:40:41,FGH-9876,1,97
02/05/2015 12:40:42,FGH-9876,1,13
02/05/2015 12:40:44,FGH-9876,1,119
02/05/2015 12:40:45,FGH-9876,1,15
02/05/2015 12:40:46,FGH-9876,1,27
02/05/2015 12:40:47,FGH-9876,1,103
02/05/2015 12:40:48,FGH-9876,1,0
02/05/2015 12:40:49,FGH-9876,1,76
02/05/2015 12:40:50,FGH-9876,1,38
02/05/2015 12:40:51,FGH-9876,1,114
02/05/2015 12:40:52,FGH-9876,1,11
02/05/2015 12:40:53,FGH-9876,1,77
02/05/2015 12:40:54,FGH-9876,1,38
02/05/2015 12:40:55,FGH-9876,1,115
02/05/2015 12:40:56,FGH-9876,1,11
02/05/2015 12:40:57,FGH-9876,1,88
02/05/2015 12:40:58,FGH-9876,1,23
02/05/2015 12:40:59,FGH-9876,1,170
02/05/2015 12:41:01,FGH-9876,1,61
02/05/2015 12:41:02,FGH-9876,1,137
02/05/2015 12:41:03,FGH-9876,1,4
02/05/2015 12:41:04,FGH-9876,1,81
02/05/2015 12:41:05,FGH-9876,1,157
02/05/2015 12:41:06,FGH-9876,1,54
02/05/2015 12:41:07,FGH-9876,1,130
02/05/2015 12:41:08,FGH-9876,1,27
02/05/2015 12:41:09,FGH-9876,1,104
02/05/2015 12:41:10,FGH-9876,1,135
02/05/2015 12:41:11,FGH-9876,1,31
02/05/2015 12:41:12,FGH-9876,1,108
02/05/2015 12:41:13,FGH-9876,1,5
02/05/2015 12:41:14,FGH-9876,1,146
02/05/2015 12:41:15,FGH-9876,1,42
02/05/2015 12:41:16,FGH-9876,1,138
02/05/2015 12:41:17,FGH-9876,1,5
02/05/2015 12:41:18,FGH-9876,1,56
02/05/2015 12:41:19,FGH-9876,1,17
02/05/2015 12:41:20,FGH-9876,1,13
02/05/2015 12:41:23,FGH-9876,1,44
02/05/2015 12:41:22,FGH-9876,1,148
02/05/2015 12:41:24,FGH-9876,1,156
02/05/2015 12:41:25,FGH-9876,1,53
02/05/2015 12:41:26,FGH-9876,1,39
02/05/2015 12:41:27,FGH-9876,1,116
02/05/2015 12:41:28,FGH-9876,1,12
02/05/2015 12:41:29,FGH-9876,1,73
02/05/2015 12:41:30,FGH-9876,1,150
02/05/2015 12:41:31,FGH-9876,1,46
02/05/2015 12:41:32,FGH-9876,1,123
02/05/2015 12:41:33,FGH-9876,1,134
02/05/2015 12:41:34,FGH-9876,1,31
02/05/2015 12:41:35,FGH-9876,1,107
02/05/2015 12:41:36,FGH-9876,1,123
02/05/2015 12:41:38,FGH-9876,1,148
02/05/2015 12:41:39,FGH-9876,1,45
02/05/2015 12:41:40,FGH-9876,1,121
02/05/2015 12:41:41,FGH-9876,1,27
02/05/2015 12:41:42,FGH-9876,1,148
02/05/2015 12:41:43,FGH-9876,1,109
02/05/2015 12:41:44,FGH-9876,1,141
02/05/2015 12:41:45,FGH-9876,1,37
02/05/2015 12:41:46,FGH-9876,1,98
02/05/2015 12:41:47,FGH-9876,1,175
02/05/2015 12:41:48,FGH-9876,1,142
02/05/2015 12:41:49,FGH-9876,1,38
02/05/2015 12:41:50,FGH-9876,1,150
02/05/2015 12:41:51,FGH-9876,1,46
02/05/2015 12:41:52,FGH-9876,1,123
02/05/2015 12:41:53,FGH-9876,1,19
02/05/2015 12:41:54,FGH-9876,1,96
02/05/2015 12:41:55,FGH-9876,1,173
02/05/2015 12:41:56,FGH-9876,1,24
02/05/2015 12:41:58,FGH-9876,1,129
02/05/2015 12:41:59,FGH-9876,1,26
02/05/2015 12:42:00,FGH-9876,1,61
02/05/2015 12:42:01,FGH-9876,1,138
02/05/2015 12:42:02,FGH-9876,1,34
02/05/2015 12:42:03,FGH-9876,1,111
02/05/2015 12:42:04,FGH-9876,1,32
02/05/2015 12:42:05,FGH-9876,1,109
02/05/2015 12:42:06,FGH-9876,1,99
02/05/2015 12:42:07,FGH-9876,1,176
02/05/2015 12:42:08,FGH-9876,1,72
02/05/2015 12:42:09,FGH-9876,1,149
02/05/2015 12:42:10,FGH-9876,1,45
02/05/2015 12:42:11,FGH-9876,1,122
02/05/2015 12:42:12,FGH-9876,1,118
02/05/2015 12:42:14,FGH-9876,1,14
02/05/2015 12:42:15,FGH-9876,1,91
02/05/2015 12:42:16,FGH-9876,1,167
02/05/2015 12:42:17,FGH-9876,1,64
02/05/2015 12:42:18,FGH-9876,1,140
02/05/2015 12:42:19,FGH-9876,1,37
02/05/2015 12:42:20,FGH-9876,1,113
02/05/2015 12:42:21,FGH-9876,1,39
02/05/2015 12:42:22,FGH-9876,1,115
02/05/2015 12:42:23,FGH-9876,1,12
02/05/2015 12:42:24,FGH-9876,1,88
02/05/2015 12:42:25,FGH-9876,1,165
02/05/2015 12:42:26,FGH-9876,1,62
02/05/2015 12:42:27,FGH-9876,1,138
02/05/2015 12:42:28,FGH-9876,1,35
02/05/2015 12:42:29,FGH-9876,1,111
02/05/2015 12:42:30,FGH-9876,1,8
02/05/2015 12:42:31,FGH-9876,1,84
02/05/2015 12:42:32,FGH-9876,1,161
02/05/2015 12:42:33,FGH-9876,1,67
02/05/2015 12:42:34,FGH-9876,1,143
02/05/2015 12:42:35,FGH-9876,1,40
02/05/2015 12:42:36,FGH-9876,1,117
02/05/2015 12:42:37,FGH-9876,1,13
02/05/2015 12:42:38,FGH-9876,1,90
02/05/2015 12:42:39,FGH-9876,1,166
02/05/2015 12:42:40,FGH-9876,1,63
02/05/2015 12:42:41,FGH-9876,1,78
02/05/2015 12:42:42,FGH-9876,1,155
02/05/2015 12:42:43,FGH-9876,1,87
02/05/2015 12:42:44,FGH-9876,1,163
02/05/2015 12:42:46,FGH-9876,1,50
02/05/2015 12:42:47,FGH-9876,1,126
02/05/2015 12:42:48,FGH-9876,1,171
02/05/2015 12:42:49,FGH-9876,1,67
02/05/2015 12:42:50,FGH-9876,1,143
02/05/2015 12:42:51,FGH-9876,1,169
02/05/2015 12:42:52,FGH-9876,1,66
02/05/2015 12:42:53,FGH-9876,1,142
02/05/2015 12:42:54,FGH-9876,1,39
02/05/2015 12:42:55,FGH-9876,1,115
02/05/2015 12:42:56,FGH-9876,1,12
02/05/2015 12:42:57,FGH-9876,1,89
02/05/2015 12:42:59,FGH-9876,1,164
02/05/2015 12:43:00,FGH-9876,1,100
02/05/2015 12:43:01,FGH-9876,1,106
02/05/2015 12:43:02,FGH-9876,1,153
02/05/2015 12:43:03,FGH-9876,1,49
02/05/2015 12:43:04,FGH-9876,1,126
02/05/2015 12:43:05,FGH-9876,1,22
02/05/2015 12:43:06,FGH-9876,1,99
02/05/2015 12:43:07,FGH-9876,1,124
02/05/2015 12:43:09,FGH-9876,1,65
02/05/2015 12:43:10,FGH-9876,1,1
02/05/2015 12:43:11,FGH-9876,1,32
02/05/2015 12:43:12,FGH-9876,1,109
02/05/2015 12:43:13,FGH-9876,1,5
02/05/2015 12:43:14,FGH-9876,1,66
02/05/2015 12:43:15,FGH-9876,1,143
02/05/2015 12:43:16,FGH-9876,1,148
02/05/2015 12:43:17,FGH-9876,1,25
02/05/2015 12:43:19,FGH-9876,1,95
02/05/2015 12:43:20,FGH-9876,1,11
02/05/2015 12:43:21,FGH-9876,1,88
02/05/2015 12:43:22,FGH-9876,1,90
02/05/2015 12:43:23,FGH-9876,1,166
02/05/2015 12:43:24,FGH-9876,1,2
02/05/2015 12:43:25,FGH-9876,1,78
02/05/2015 12:43:26,FGH-9876,1,94
02/05/2015 12:43:27,FGH-9876,1,171
02/05/2015 12:43:28,FGH-9876,1,67
02/05/2015 12:43:29,FGH-9876,1,53
02/05/2015 12:43:30,FGH-9876,1,120
02/05/2015 12:43:31,FGH-9876,1,17
02/05/2015 12:43:33,FGH-9876,1,13
02/05/2015 12:43:34,FGH-9876,1,64
02/05/2015 12:43:35,FGH-9876,1,115
02/05/2015 12:43:36,FGH-9876,1,85
02/05/2015 12:43:37,FGH-9876,1,61
02/05/2015 12:43:38,FGH-9876,1,122
02/05/2015 12:43:40,FGH-9876,1,18
02/05/2015 12:43:41,FGH-9876,1,34
02/05/2015 12:43:42,FGH-9876,1,104
02/05/2015 12:43:44,FGH-9876,1,164
02/05/2015 12:43:45,FGH-9876,1,86
02/05/2015 12:43:46,FGH-9876,1,121
02/05/2015 12:43:47,FGH-9876,1,18
02/05/2015 12:43:48,FGH-9876,1,94
02/05/2015 12:43:49,FGH-9876,1,171
02/05/2015 12:43:50,FGH-9876,1,67
02/05/2015 12:43:51,FGH-9876,1,69
02/05/2015 12:43:52,FGH-9876,1,146
02/05/2015 12:43:53,FGH-9876,1,43
02/05/2015 12:43:54,FGH-9876,1,78
02/05/2015 12:43:55,FGH-9876,1,154
02/05/2015 12:43:56,FGH-9876,1,51
02/05/2015 12:43:57,FGH-9876,1,2
02/05/2015 12:43:58,FGH-9876,1,78
02/05/2015 12:43:59,FGH-9876,1,155
02/05/2015 12:44:00,FGH-9876,1,52
02/05/2015 12:44:01,FGH-9876,1,128
02/05/2015 12:44:02,FGH-9876,1,25
02/05/2015 12:44:03,FGH-9876,1,91
02/05/2015 12:44:04,FGH-9876,1,168
02/05/2015 12:44:05,FGH-9876,1,64
02/05/2015 12:44:07,FGH-9876,1,150
02/05/2015 12:44:08,FGH-9876,1,31
02/05/2015 12:44:09,FGH-9876,1,108
02/05/2015 12:44:10,FGH-9876,1,174
02/05/2015 12:44:11,FGH-9876,1,71
02/05/2015 12:44:12,FGH-9876,1,147
02/05/2015 12:44:13,FGH-9876,1,44
02/05/2015 12:44:14,FGH-9876,1,140
02/05/2015 12:44:15,FGH-9876,1,36
02/05/2015 12:44:16,FGH-9876,1,113
02/05/2015 12:44:17,FGH-9876,1,10
02/05/2015 12:44:18,FGH-9876,1,86
02/05/2015 12:44:19,FGH-9876,1,163
02/05/2015 12:44:20,FGH-9876,1,130
02/05/2015 12:44:21,FGH-9876,1,165
02/05/2015 12:44:22,FGH-9876,1,61
02/05/2015 12:44:23,FGH-9876,1,138
02/05/2015 12:44:24,FGH-9876,1,34
02/05/2015 12:44:25,FGH-9876,1,111
02/05/2015 12:44:26,FGH-9876,1,78
02/05/2015 12:44:27,FGH-9876,1,154
02/05/2015 12:44:28,FGH-9876,1,70
02/05/2015 12:44:29,FGH-9876,1,147
02/05/2015 12:44:31,FGH-9876,1,163
02/05/2015 12:44:32,FGH-9876,1,59
02/05/2015 12:44:33,FGH-9876,1,10
02/05/2015 12:44:34,FGH-9876,1,121
02/05/2015 12:44:35,FGH-9876,1,27
02/05/2015 12:44:36,FGH-9876,1,62
02/05/2015 12:44:38,FGH-9876,1,39
02/05/2015 12:44:39,FGH-9876,1,100
02/05/2015 12:44:40,FGH-9876,1,176
02/05/2015 12:44:41,FGH-9876,1,63
02/05/2015 12:44:42,FGH-9876,1,139
02/05/2015 12:44:43,FGH-9876,1,36
02/05/2015 12:44:44,FGH-9876,1,112
02/05/2015 12:44:45,FGH-9876,1,173
02/05/2015 12:44:46,FGH-9876,1,70
02/05/2015 12:44:47,FGH-9876,1,146
02/05/2015 12:44:48,FGH-9876,1,43
02/05/2015 12:44:49,FGH-9876,1,13
02/05/2015 12:44:50,FGH-9876,1,90
02/05/2015 12:44:51,FGH-9876,1,137
02/05/2015 12:44:52,FGH-9876,1,34
02/05/2015 12:44:53,FGH-9876,1,65
02/05/2015 12:44:54,FGH-9876,1,142
02/05/2015 12:44:55,FGH-9876,1,38
02/05/2015 12:44:56,FGH-9876,1,115
02/05/2015 12:44:57,FGH-9876,1,11
02/05/2015 12:44:58,FGH-9876,1,88
02/05/2015 12:44:59,FGH-9876,1,149
02/05/2015 12:45:01,FGH-9876,1,45
02/05/2015 12:45:02,FGH-9876,1,121
02/05/2015 12:45:03,FGH-9876,1,153
02/05/2015 12:45:04,FGH-9876,1,88
02/05/2015 12:45:05,FGH-9876,1,129
02/05/2015 12:45:06,FGH-9876,1,25
02/05/2015 12:45:07,FGH-9876,1,66
02/05/2015 12:45:08,FGH-9876,1,143
02/05/2015 12:45:10,FGH-9876,1,149
02/05/2015 12:45:11,FGH-9876,1,45
02/05/2015 12:45:12,FGH-9876,1,122
02/05/2015 12:45:13,FGH-9876,1,18
02/05/2015 12:45:14,FGH-9876,1,134
02/05/2015 12:45:15,FGH-9876,1,30
02/05/2015 12:45:16,FGH-9876,1,107
02/05/2015 12:45:17,FGH-9876,1,3
02/05/2015 12:45:18,FGH-9876,1,144
02/05/2015 12:45:19,FGH-9876,1,41
02/05/2015 12:45:20,FGH-9876,1,101
02/05/2015 12:45:22,FGH-9876,1,42
02/05/2015 12:45:23,FGH-9876,1,119
02/05/2015 12:45:24,FGH-9876,1,15
02/05/2015 12:45:25,FGH-9876,1,47
02/05/2015 12:45:26,FGH-9876,1,123
02/05/2015 12:45:27,FGH-9876,1,20
02/05/2015 12:45:28,FGH-9876,1,97
02/05/2015 12:45:29,FGH-9876,1,28
02/05/2015 12:45:30,FGH-9876,1,105
02/05/2015 12:45:31,FGH-9876,1,21
02/05/2015 12:45:32,FGH-9876,1,162
02/05/2015 12:45:33,FGH-9876,1,129
02/05/2015 12:45:34,FGH-9876,1,25
02/05/2015 12:45:35,FGH-9876,1,156
02/05/2015 12:45:36,FGH-9876,1,53
02/05/2015 12:45:37,FGH-9876,1,114
02/05/2015 12:45:38,FGH-9876,1,10
02/05/2015 12:45:39,FGH-9876,1,87
02/05/2015 12:45:40,FGH-9876,1,164
02/05/2015 12:45:41,FGH-9876,1,60
02/05/2015 12:45:42,FGH-9876,1,137
02/05/2015 12:45:43,FGH-9876,1,168
02/05/2015 12:45:44,FGH-9876,1,35
02/05/2015 12:45:45,FGH-9876,1,112
02/05/2015 12:45:46,FGH-9876,1,8
02/05/2015 12:45:47,FGH-9876,1,139
02/05/2015 12:45:48,FGH-9876,1,36
02/05/2015 12:45:49,FGH-9876,1,97
02/05/2015 12:45:50,FGH-9876,1,173
02/05/2015 12:45:51,FGH-9876,1,70
02/05/2015 12:45:53,FGH-9876,1,76
02/05/2015 12:45:54,FGH-9876,1,97
02/05/2015 12:45:55,FGH-9876,1,158
02/05/2015 12:45:56,FGH-9876,1,90
02/05/2015 12:45:57,FGH-9876,1,15
02/05/2015 12:45:58,FGH-9876,1,92
02/05/2015 12:45:59,FGH-9876,1,132
02/05/2015 12:46:01,FGH-9876,1,38
02/05/2015 12:46:02,FGH-9876,1,115
02/05/2015 12:46:03,FGH-9876,1,115
02/05/2015 12:46:04,FGH-9876,1,11
02/05/2015 12:46:05,FGH-9876,1,88
02/05/2015 12:46:06,FGH-9876,1,165
02/05/2015 12:46:07,FGH-9876,1,61
02/05/2015 12:46:08,FGH-9876,1,138
02/05/2015 12:46:09,FGH-9876,1,34
02/05/2015 12:46:10,FGH-9876,1,66
02/05/2015 12:46:11,FGH-9876,1,42
02/05/2015 12:46:12,FGH-9876,1,118
02/05/2015 12:46:13,FGH-9876,1,15
02/05/2015 12:46:14,FGH-9876,1,41
02/05/2015 12:46:15,FGH-9876,1,46
02/05/2015 12:46:17,FGH-9876,1,132
02/05/2015 12:46:18,FGH-9876,1,29
02/05/2015 12:46:19,FGH-9876,1,50
02/05/2015 12:46:20,FGH-9876,1,56
02/05/2015 12:46:21,FGH-9876,1,133
02/05/2015 12:46:22,FGH-9876,1,138
02/05/2015 12:46:24,FGH-9876,1,44
02/05/2015 12:46:25,FGH-9876,1,130
02/05/2015 12:46:26,FGH-9876,1,21
02/05/2015 12:46:27,FGH-9876,1,126
02/05/2015 12:46:28,FGH-9876,1,23
02/05/2015 12:46:30,FGH-9876,1,28
02/05/2015 12:46:31,FGH-9876,1,169
02/05/2015 12:46:32,FGH-9876,1,146
02/05/2015 12:46:33,FGH-9876,1,107
02/05/2015 12:46:34,FGH-9876,1,173
02/05/2015 12:46:35,FGH-9876,1,70
02/05/2015 12:46:36,FGH-9876,1,146
02/05/2015 12:46:37,FGH-9876,1,43
02/05/2015 12:46:38,FGH-9876,1,119
02/05/2015 12:46:39,FGH-9876,1,16
02/05/2015 12:46:40,FGH-9876,1,6
02/05/2015 12:46:41,FGH-9876,1,83
02/05/2015 12:46:42,FGH-9876,1,159
02/05/2015 12:46:43,FGH-9876,1,56
02/05/2015 12:46:44,FGH-9876,1,103
02/05/2015 12:46:45,FGH-9876,1,54
02/05/2015 12:46:46,FGH-9876,1,131
02/05/2015 12:46:47,FGH-9876,1,27
02/05/2015 12:46:48,FGH-9876,1,104
02/05/2015 12:46:49,FGH-9876,1,0
02/05/2015 12:46:50,FGH-9876,1,77
02/05/2015 12:46:51,FGH-9876,1,73
02/05/2015 12:46:52,FGH-9876,1,150
02/05/2015 12:46:53,FGH-9876,1,30
02/05/2015 12:46:54,FGH-9876,1,107
02/05/2015 12:46:55,FGH-9876,1,4
02/05/2015 12:46:56,FGH-9876,1,80
02/05/2015 12:46:58,FGH-9876,1,31
02/05/2015 12:46:59,FGH-9876,1,108
02/05/2015 12:47:00,FGH-9876,1,4
02/05/2015 12:47:01,FGH-9876,1,81
02/05/2015 12:47:02,FGH-9876,1,67
02/05/2015 12:47:03,FGH-9876,1,144
02/05/2015 12:47:04,FGH-9876,1,40
02/05/2015 12:47:05,FGH-9876,1,117
02/05/2015 12:47:06,FGH-9876,1,13
02/05/2015 12:47:07,FGH-9876,1,90
02/05/2015 12:47:08,FGH-9876,1,15
02/05/2015 12:47:09,FGH-9876,1,76
02/05/2015 12:47:10,FGH-9876,1,152
02/05/2015 12:47:11,FGH-9876,1,49
02/05/2015 12:47:13,FGH-9876,1,80
02/05/2015 12:47:14,FGH-9876,1,157
02/05/2015 12:47:15,FGH-9876,1,53
02/05/2015 12:47:16,FGH-9876,1,130
02/05/2015 12:47:17,FGH-9876,1,26
02/05/2015 12:47:18,FGH-9876,1,103
02/05/2015 12:47:19,FGH-9876,1,35
02/05/2015 12:47:20,FGH-9876,1,60
02/05/2015 12:47:21,FGH-9876,1,136
02/05/2015 12:47:22,FGH-9876,1,33
02/05/2015 12:47:23,FGH-9876,1,109
02/05/2015 12:47:24,FGH-9876,1,6
02/05/2015 12:47:25,FGH-9876,1,83
02/05/2015 12:47:26,FGH-9876,1,159
02/05/2015 12:47:27,FGH-9876,1,56
02/05/2015 12:47:28,FGH-9876,1,132
02/05/2015 12:47:29,FGH-9876,1,29
02/05/2015 12:47:30,FGH-9876,1,105
02/05/2015 12:47:31,FGH-9876,1,2
02/05/2015 12:47:32,FGH-9876,1,78
02/05/2015 12:47:33,FGH-9876,1,75
02/05/2015 12:47:34,FGH-9876,1,151
02/05/2015 12:47:35,FGH-9876,1,38
02/05/2015 12:47:36,FGH-9876,1,143
02/05/2015 12:47:38,FGH-9876,1,14
02/05/2015 12:47:39,FGH-9876,1,165
02/05/2015 12:47:40,FGH-9876,1,61
02/05/2015 12:47:41,FGH-9876,1,138
02/05/2015 12:47:42,FGH-9876,1,34
02/05/2015 12:47:43,FGH-9876,1,111
02/05/2015 12:47:44,FGH-9876,1,7
02/05/2015 12:47:45,FGH-9876,1,84
02/05/2015 12:47:46,FGH-9876,1,161
02/05/2015 12:47:47,FGH-9876,1,57
02/05/2015 12:47:48,FGH-9876,1,134
02/05/2015 12:47:49,FGH-9876,1,94
02/05/2015 12:47:50,FGH-9876,1,171
02/05/2015 12:47:51,FGH-9876,1,67
02/05/2015 12:47:52,FGH-9876,1,73
02/05/2015 12:47:53,FGH-9876,1,94
02/05/2015 12:47:55,FGH-9876,1,75
02/05/2015 12:47:56,FGH-9876,1,151
02/05/2015 12:47:57,FGH-9876,1,48
02/05/2015 12:47:58,FGH-9876,1,125
02/05/2015 12:47:59,FGH-9876,1,31
02/05/2015 12:48:00,FGH-9876,1,107
02/05/2015 12:48:01,FGH-9876,1,4
02/05/2015 12:48:02,FGH-9876,1,35
02/05/2015 12:48:03,FGH-9876,1,21
02/05/2015 12:48:04,FGH-9876,1,107
02/05/2015 12:48:06,FGH-9876,1,97
02/05/2015 12:48:07,FGH-9876,1,174
02/05/2015 12:48:08,FGH-9876,1,134
02/05/2015 12:48:09,FGH-9876,1,31
02/05/2015 12:48:10,FGH-9876,1,82
02/05/2015 12:48:11,FGH-9876,1,158
02/05/2015 12:48:12,FGH-9876,1,74
02/05/2015 12:48:13,FGH-9876,1,151
02/05/2015 12:48:14,FGH-9876,1,48
02/05/2015 12:48:15,FGH-9876,1,124
02/05/2015 12:48:16,FGH-9876,1,65
02/05/2015 12:48:17,FGH-9876,1,142
02/05/2015 12:48:18,FGH-9876,1,38
02/05/2015 12:48:19,FGH-9876,1,115
02/05/2015 12:48:20,FGH-9876,1,76
02/05/2015 12:48:22,FGH-9876,1,49
02/05/2015 12:48:21,FGH-9876,1,153
02/05/2015 12:48:24,FGH-9876,1,60
02/05/2015 12:48:25,FGH-9876,1,137
02/05/2015 12:48:26,FGH-9876,1,143
02/05/2015 12:48:27,FGH-9876,1,39
02/05/2015 12:48:28,FGH-9876,1,110
02/05/2015 12:48:29,FGH-9876,1,6
02/05/2015 12:48:30,FGH-9876,1,83
02/05/2015 12:48:31,FGH-9876,1,79
02/05/2015 12:48:32,FGH-9876,1,95
02/05/2015 12:48:34,FGH-9876,1,116
02/05/2015 12:48:35,FGH-9876,1,147
02/05/2015 12:48:36,FGH-9876,1,44
02/05/2015 12:48:37,FGH-9876,1,121
02/05/2015 12:48:38,FGH-9876,1,17
02/05/2015 12:48:39,FGH-9876,1,58
02/05/2015 12:48:40,FGH-9876,1,135
02/05/2015 12:48:41,FGH-9876,1,31
02/05/2015 12:48:42,FGH-9876,1,108
02/05/2015 12:48:43,FGH-9876,1,4
02/05/2015 12:48:44,FGH-9876,1,130
02/05/2015 12:48:45,FGH-9876,1,141
02/05/2015 12:48:46,FGH-9876,1,38
02/05/2015 12:48:47,FGH-9876,1,114
02/05/2015 12:48:48,FGH-9876,1,130
02/05/2015 12:48:50,FGH-9876,1,171
02/05/2015 12:48:51,FGH-9876,1,132
02/05/2015 12:48:52,FGH-9876,1,153
02/05/2015 12:48:53,FGH-9876,1,50
02/05/2015 12:48:54,FGH-9876,1,126
02/05/2015 12:48:55,FGH-9876,1,23
02/05/2015 12:48:56,FGH-9876,1,99
02/05/2015 12:48:57,FGH-9876,1,176
02/05/2015 12:48:58,FGH-9876,1,131
02/05/2015 12:48:59,FGH-9876,1,27
02/05/2015 12:49:00,FGH-9876,1,104
02/05/2015 12:49:01,FGH-9876,1,1
02/05/2015 12:49:03,FGH-9876,1,41
02/05/2015 12:49:04,FGH-9876,1,118
02/05/2015 12:49:05,FGH-9876,1,14
02/05/2015 12:49:06,FGH-9876,1,91
02/05/2015 12:49:07,FGH-9876,1,23
02/05/2015 12:49:08,FGH-9876,1,93
02/05/2015 12:49:09,FGH-9876,1,144
02/05/2015 12:49:10,FGH-9876,1,111
02/05/2015 12:49:11,FGH-9876,1,7
02/05/2015 12:49:12,FGH-9876,1,84
02/05/2015 12:49:13,FGH-9876,1,160
02/05/2015 12:49:14,FGH-9876,1,57
02/05/2015 12:49:15,FGH-9876,1,53
02/05/2015 12:49:16,FGH-9876,1,59
02/05/2015 12:49:17,FGH-9876,1,135
02/05/2015 12:49:19,FGH-9876,1,96
02/05/2015 12:49:20,FGH-9876,1,166
02/05/2015 12:49:21,FGH-9876,1,63
02/05/2015 12:49:22,FGH-9876,1,139
02/05/2015 12:49:23,FGH-9876,1,36
02/05/2015 12:49:24,FGH-9876,1,112
02/05/2015 12:49:25,FGH-9876,1,144
02/05/2015 12:49:26,FGH-9876,1,40
02/05/2015 12:49:27,FGH-9876,1,117
02/05/2015 12:49:28,FGH-9876,1,14
02/05/2015 12:49:29,FGH-9876,1,80
02/05/2015 12:49:30,FGH-9876,1,157
02/05/2015 12:49:31,FGH-9876,1,172
02/05/2015 12:49:33,FGH-9876,1,63
02/05/2015 12:49:34,FGH-9876,1,139
02/05/2015 12:49:35,FGH-9876,1,80
02/05/2015 12:49:36,FGH-9876,1,147
02/05/2015 12:49:37,FGH-9876,1,2
02/05/2015 12:49:38,FGH-9876,1,23
02/05/2015 12:49:39,FGH-9876,1,84
02/05/2015 12:49:40,FGH-9876,1,161
02/05/2015 12:49:41,FGH-9876,1,12
02/05/2015 12:49:42,FGH-9876,1,89
02/05/2015 12:49:43,FGH-9876,1,165
02/05/2015 12:49:44,FGH-9876,1,62
02/05/2015 12:49:46,FGH-9876,1,167
02/05/2015 12:49:47,FGH-9876,1,64
02/05/2015 12:49:48,FGH-9876,1,140
02/05/2015 12:49:49,FGH-9876,1,37
02/05/2015 12:49:50,FGH-9876,1,114
02/05/2015 12:49:51,FGH-9876,1,10
02/05/2015 12:49:52,FGH-9876,1,87
02/05/2015 12:49:53,FGH-9876,1,163
02/05/2015 12:49:54,FGH-9876,1,43
02/05/2015 12:49:55,FGH-9876,1,120
