{
  "name": "angular-animate",
  "version": "1.2.28",
  "main": "./angular-animate.js",
  "ignore": [],
  "dependencies": {
    "angular": "1.2.28"
  },
  "homepage": "https://github.com/angular/bower-angular-animate",
  "_release": "1.2.28",
  "_resolution": {
    "type": "version",
    "tag": "v1.2.28",
    "commit": "a42cca9915517f26d639471b5f622dc086161fe0"
  },
  "_source": "git://github.com/angular/bower-angular-animate.git",
  "_target": "~1.2.22",
  "_originalSource": "angular-animate"
}